trade_date,daily_return,gross_return,transaction_cost,equity,names,gross_exposure,turnover,intended_turnover,blocked_buys,blocked_sells,t1_blocks,rebalanced
2024-01-03,0.0,0.0,0.0,1.0,0,0.0,0.0,0.0,0,0,0,True
2024-01-04,0.0,0.0,0.0,1.0,0,0.0,0.0,0.0,0,0,0,False
2024-01-05,0.0,0.0,0.0,1.0,0,0.0,0.0,0.0,0,0,0,False
2024-01-08,0.0,0.0,0.0,1.0,0,0.0,0.0,0.0,0,0,0,False
2024-01-09,0.0,0.0,0.0,1.0,0,0.0,0.0,0.0,0,0,0,False
2024-01-10,0.0,0.0,0.0,1.0,0,0.0,0.0,0.0,0,0,0,True
2024-01-11,0.0,0.0,0.0,1.0,0,0.0,0.0,0.0,0,0,0,False
2024-01-12,0.0,0.0,0.0,1.0,0,0.0,0.0,0.0,0,0,0,False
2024-01-15,0.0,0.0,0.0,1.0,0,0.0,0.0,0.0,0,0,0,False
2024-01-16,0.0,0.0,0.0,1.0,0,0.0,0.0,0.0,0,0,0,False
2024-01-17,0.0,0.0,0.0,1.0,0,0.0,0.0,0.0,0,0,0,True
2024-01-18,0.0,0.0,0.0,1.0,0,0.0,0.0,0.0,0,0,0,False
2024-01-19,0.0,0.0,0.0,1.0,0,0.0,0.0,0.0,0,0,0,False
2024-01-22,0.0,0.0,0.0,1.0,0,0.0,0.0,0.0,0,0,0,False
2024-01-23,0.0,0.0,0.0,1.0,0,0.0,0.0,0.0,0,0,0,False
2024-01-24,0.0,0.0,0.0,1.0,0,0.0,0.0,0.0,0,0,0,True
2024-01-25,0.0,0.0,0.0,1.0,0,0.0,0.0,0.0,0,0,0,False
2024-01-26,0.0,0.0,0.0,1.0,0,0.0,0.0,0.0,0,0,0,False
2024-01-29,0.0,0.0,0.0,1.0,0,0.0,0.0,0.0,0,0,0,False
2024-01-30,0.0,0.0,0.0,1.0,0,0.0,0.0,0.0,0,0,0,False
2024-01-31,-0.0006852631578947196,-0.0005052631578947197,0.00017999999999999998,0.9993147368421053,1,0.12,0.12,0.12,0,0,0,True
2025-01-02,0.0,0.0,0.0,0.9993147368421053,1,0.12,0.0,0.0,0,0,0,False
2025-01-03,0.0,0.0,0.0,0.9993147368421053,1,0.12,0.0,0.0,0,0,0,False
2025-01-06,0.0,0.0,0.0,0.9993147368421053,1,0.12,0.0,0.0,0,0,0,False
2025-01-07,0.0,0.0,0.0,0.9993147368421053,1,0.12,0.0,0.0,0,0,0,False
2025-01-08,0.0,0.0,0.0,0.9993147368421053,1,0.12,0.0,0.12,0,1,0,True
2025-01-09,0.0,0.0,0.0,0.9993147368421053,1,0.12,0.0,0.0,0,0,0,False
2025-01-10,0.0,0.0,0.0,0.9993147368421053,1,0.12,0.0,0.0,0,0,0,False
2025-01-13,0.0,0.0,0.0,0.9993147368421053,1,0.12,0.0,0.0,0,0,0,False
2025-01-14,0.0,0.0,0.0,0.9993147368421053,1,0.12,0.0,0.0,0,0,0,False
2025-01-15,0.0,0.0,0.0,0.9993147368421053,1,0.12,0.0,0.12,0,1,0,True
2025-01-16,0.0,0.0,0.0,0.9993147368421053,1,0.12,0.0,0.0,0,0,0,False
2025-01-17,0.0,0.0,0.0,0.9993147368421053,1,0.12,0.0,0.0,0,0,0,False
2025-01-20,0.0,0.0,0.0,0.9993147368421053,1,0.12,0.0,0.0,0,0,0,False
2025-01-21,0.0,0.0,0.0,0.9993147368421053,1,0.12,0.0,0.0,0,0,0,False
2025-01-22,0.0,0.0,0.0,0.9993147368421053,1,0.12,0.0,0.12,0,1,0,True
2025-01-23,0.0,0.0,0.0,0.9993147368421053,1,0.12,0.0,0.0,0,0,0,False
2025-01-24,0.0,0.0,0.0,0.9993147368421053,1,0.12,0.0,0.0,0,0,0,False
2025-01-27,0.0,0.0,0.0,0.9993147368421053,1,0.12,0.0,0.0,0,0,0,False
2025-02-05,0.0,0.0,0.0,0.9993147368421053,1,0.12,0.0,0.0,0,0,0,False
2025-02-06,0.0,0.0,0.0,0.9993147368421053,1,0.12,0.0,0.12,0,1,0,True
2025-02-07,0.0,0.0,0.0,0.9993147368421053,1,0.12,0.0,0.0,0,0,0,False
2025-02-10,0.0,0.0,0.0,0.9993147368421053,1,0.12,0.0,0.0,0,0,0,False
2025-02-11,0.0,0.0,0.0,0.9993147368421053,1,0.12,0.0,0.0,0,0,0,False
2025-02-12,0.0,0.0,0.0,0.9993147368421053,1,0.12,0.0,0.0,0,0,0,False
2025-02-13,0.0,0.0,0.0,0.9993147368421053,1,0.12,0.0,0.12,0,1,0,True
2025-02-14,0.0,0.0,0.0,0.9993147368421053,1,0.12,0.0,0.0,0,0,0,False
2025-02-17,0.0,0.0,0.0,0.9993147368421053,1,0.12,0.0,0.0,0,0,0,False
2025-02-18,0.0,0.0,0.0,0.9993147368421053,1,0.12,0.0,0.0,0,0,0,False
2025-02-19,0.0,0.0,0.0,0.9993147368421053,1,0.12,0.0,0.0,0,0,0,False
2025-02-20,0.0,0.0,0.0,0.9993147368421053,1,0.12,0.0,0.12,0,1,0,True
2025-02-21,0.0,0.0,0.0,0.9993147368421053,1,0.12,0.0,0.0,0,0,0,False
2025-02-24,0.0,0.0,0.0,0.9993147368421053,1,0.12,0.0,0.0,0,0,0,False
2025-02-25,0.0,0.0,0.0,0.9993147368421053,1,0.12,0.0,0.0,0,0,0,False
2025-02-26,0.0,0.0,0.0,0.9993147368421053,1,0.12,0.0,0.0,0,0,0,False
2025-02-27,0.0,0.0,0.0,0.9993147368421053,1,0.12,0.0,0.12,0,1,0,True
2025-02-28,0.0,0.0,0.0,0.9993147368421053,1,0.12,0.0,0.0,0,0,0,False
2025-03-03,0.0,0.0,0.0,0.9993147368421053,1,0.12,0.0,0.0,0,0,0,False
2025-03-04,0.0,0.0,0.0,0.9993147368421053,1,0.12,0.0,0.0,0,0,0,False
2025-03-05,0.0,0.0,0.0,0.9993147368421053,1,0.12,0.0,0.0,0,0,0,False
2025-03-06,-0.002290852970461323,-0.002110852970461323,0.00017999999999999998,0.9970254537087848,2,0.24,0.12,0.24,0,1,0,True
2025-03-07,-0.001459459459459471,-0.001459459459459471,0.0,0.9955703354790476,2,0.24,0.0,0.0,0,0,0,False
2025-03-10,-0.0007387140902872735,-0.0007387140902872735,0.0,0.9948348936443572,2,0.24,0.0,0.0,0,0,0,False
2025-03-11,-0.0005368203716448638,-0.0005368203716448638,0.0,0.9943008460070257,2,0.24,0.0,0.0,0,0,0,False
2025-03-12,-0.0013273418596612529,-0.0013273418596612529,0.0,0.9929810688730241,2,0.24,0.0,0.0,0,0,0,False
2025-03-13,-0.00023999999999999998,0.0,0.00023999999999999998,0.9927427534164945,1,0.12,0.12,0.24,0,1,0,True
2025-03-14,0.0,0.0,0.0,0.9927427534164945,1,0.12,0.0,0.0,0,0,0,False
2025-03-17,0.0,0.0,0.0,0.9927427534164945,1,0.12,0.0,0.0,0,0,0,False
2025-03-18,0.0,0.0,0.0,0.9927427534164945,1,0.12,0.0,0.0,0,0,0,False
2025-03-19,0.0,0.0,0.0,0.9927427534164945,1,0.12,0.0,0.0,0,0,0,False
2025-03-20,0.0,0.0,0.0,0.9927427534164945,1,0.12,0.0,0.12,0,1,0,True
2025-03-21,0.0,0.0,0.0,0.9927427534164945,1,0.12,0.0,0.0,0,0,0,False
2025-03-24,0.0,0.0,0.0,0.9927427534164945,1,0.12,0.0,0.0,0,0,0,False
2025-03-25,0.0,0.0,0.0,0.9927427534164945,1,0.12,0.0,0.0,0,0,0,False
2025-03-26,0.0,0.0,0.0,0.9927427534164945,1,0.12,0.0,0.0,0,0,0,False
2025-03-27,0.0,0.0,0.0,0.9927427534164945,1,0.12,0.0,0.12,0,1,0,True
2025-03-28,0.0,0.0,0.0,0.9927427534164945,1,0.12,0.0,0.0,0,0,0,False
2025-03-31,0.0,0.0,0.0,0.9927427534164945,1,0.12,0.0,0.0,0,0,0,False
2025-04-01,0.0,0.0,0.0,0.9927427534164945,1,0.12,0.0,0.0,0,0,0,False
2025-04-02,0.0,0.0,0.0,0.9927427534164945,1,0.12,0.0,0.0,0,0,0,False
2025-04-03,0.0,0.0,0.0,0.9927427534164945,1,0.12,0.0,0.12,0,1,0,True
2025-04-07,0.0,0.0,0.0,0.9927427534164945,1,0.12,0.0,0.0,0,0,0,False
2025-04-08,0.0,0.0,0.0,0.9927427534164945,1,0.12,0.0,0.0,0,0,0,False
2025-04-09,0.0,0.0,0.0,0.9927427534164945,1,0.12,0.0,0.0,0,0,0,False
2025-04-10,0.0,0.0,0.0,0.9927427534164945,1,0.12,0.0,0.0,0,0,0,False
2025-04-11,0.0,0.0,0.0,0.9927427534164945,1,0.12,0.0,0.12,0,1,0,True
2025-04-14,0.0,0.0,0.0,0.9927427534164945,1,0.12,0.0,0.0,0,0,0,False
2025-04-15,0.0,0.0,0.0,0.9927427534164945,1,0.12,0.0,0.0,0,0,0,False
2025-04-16,0.0,0.0,0.0,0.9927427534164945,1,0.12,0.0,0.0,0,0,0,False
2025-04-17,0.0,0.0,0.0,0.9927427534164945,1,0.12,0.0,0.0,0,0,0,False
2025-04-18,0.0,0.0,0.0,0.9927427534164945,1,0.12,0.0,0.12,0,1,0,True
2025-04-21,0.0,0.0,0.0,0.9927427534164945,1,0.12,0.0,0.0,0,0,0,False
2025-04-22,0.0,0.0,0.0,0.9927427534164945,1,0.12,0.0,0.0,0,0,0,False
2025-04-23,0.0,0.0,0.0,0.9927427534164945,1,0.12,0.0,0.0,0,0,0,False
2025-04-24,0.0,0.0,0.0,0.9927427534164945,1,0.12,0.0,0.0,0,0,0,False
2025-04-25,0.0,0.0,0.0,0.9927427534164945,1,0.12,0.0,0.12,0,1,0,True
2025-04-28,0.0,0.0,0.0,0.9927427534164945,1,0.12,0.0,0.0,0,0,0,False
2025-04-29,0.0,0.0,0.0,0.9927427534164945,1,0.12,0.0,0.0,0,0,0,False
2025-04-30,0.0,0.0,0.0,0.9927427534164945,1,0.12,0.0,0.0,0,0,0,False
2025-05-06,0.0,0.0,0.0,0.9927427534164945,1,0.12,0.0,0.0,0,0,0,False
2025-05-07,0.0,0.0,0.0,0.9927427534164945,1,0.12,0.0,0.12,0,1,0,True
2025-05-08,0.0,0.0,0.0,0.9927427534164945,1,0.12,0.0,0.0,0,0,0,False
2025-05-09,0.0,0.0,0.0,0.9927427534164945,1,0.12,0.0,0.0,0,0,0,False
2025-05-12,0.0,0.0,0.0,0.9927427534164945,1,0.12,0.0,0.0,0,0,0,False
2025-05-13,0.0,0.0,0.0,0.9927427534164945,1,0.12,0.0,0.0,0,0,0,False
2025-05-14,0.0,0.0,0.0,0.9927427534164945,1,0.12,0.0,0.12,0,1,0,True
2025-05-15,0.0,0.0,0.0,0.9927427534164945,1,0.12,0.0,0.0,0,0,0,False
2025-05-16,0.0,0.0,0.0,0.9927427534164945,1,0.12,0.0,0.0,0,0,0,False
2025-05-19,0.0,0.0,0.0,0.9927427534164945,1,0.12,0.0,0.0,0,0,0,False
2025-05-20,0.0,0.0,0.0,0.9927427534164945,1,0.12,0.0,0.0,0,0,0,False
2025-05-21,0.0,0.0,0.0,0.9927427534164945,1,0.12,0.0,0.12,0,1,0,True
2025-05-22,0.0,0.0,0.0,0.9927427534164945,1,0.12,0.0,0.0,0,0,0,False
2025-05-23,0.0,0.0,0.0,0.9927427534164945,1,0.12,0.0,0.0,0,0,0,False
2025-05-26,0.0,0.0,0.0,0.9927427534164945,1,0.12,0.0,0.0,0,0,0,False
2025-05-27,0.0,0.0,0.0,0.9927427534164945,1,0.12,0.0,0.0,0,0,0,False
2025-05-28,0.0,0.0,0.0,0.9927427534164945,1,0.12,0.0,0.12,0,1,0,True
2025-05-29,0.0,0.0,0.0,0.9927427534164945,1,0.12,0.0,0.0,0,0,0,False
2025-05-30,0.0,0.0,0.0,0.9927427534164945,1,0.12,0.0,0.0,0,0,0,False
2025-06-03,0.0,0.0,0.0,0.9927427534164945,1,0.12,0.0,0.0,0,0,0,False
2025-06-04,0.0,0.0,0.0,0.9927427534164945,1,0.12,0.0,0.0,0,0,0,False
2025-06-05,-0.0021665771812080623,-0.0019865771812080622,0.00017999999999999998,0.9905918996201327,2,0.24,0.12,0.24,0,1,0,True
2025-06-06,0.001637852593266613,0.001637852593266613,0.0,0.9922143431317944,2,0.24,0.0,0.0,0,0,0,False
2025-06-09,0.0021005385996409488,0.0021005385996409488,0.0,0.99429852765866,2,0.24,0.0,0.0,0,0,0,False
2025-06-10,-0.0028584031760035475,-0.0028584031760035475,0.0,0.9914564215893049,2,0.24,0.0,0.0,0,0,0,False
2025-06-11,0.001301400813375526,0.001301400813375526,0.0,0.9927467037827877,2,0.24,0.0,0.0,0,0,0,False
2025-06-12,0.00010728654447921925,0.00010728654447921925,0.0,0.9928532121461796,2,0.24,0.0,0.12,0,1,0,True
2025-06-13,0.00139347923179991,0.00139347923179991,0.0,0.9942367324775312,2,0.24,0.0,0.0,0,0,0,False
2025-06-16,-0.03364238410596025,-0.03364238410596025,0.0,0.9607882384312673,2,0.24,0.0,0.0,0,0,0,False
2025-06-17,0.002061349693251522,0.002061349693251522,0.0,0.9627687589718372,2,0.24,0.0,0.0,0,0,0,False
2025-06-18,-0.001809408926417375,-0.001809408926417375,0.0,0.9610267165852778,2,0.24,0.0,0.0,0,0,0,False
2025-06-19,0.00448073689589958,0.00508073689589958,0.0006000000000000001,0.9653328244522268,3,0.36,0.36,0.48,0,1,0,True
2025-06-20,-0.0030991315565447094,-0.0030991315565447094,0.0,0.9623411310333985,3,0.36,0.0,0.0,0,0,0,False
2025-06-23,0.004021161181042023,0.004021161181042023,0.0,0.9662108598324302,3,0.36,0.0,0.0,0,0,0,False
2025-06-24,0.0015005380868344175,0.0015005380868344175,0.0,0.9676606960275218,3,0.36,0.0,0.0,0,0,0,False
2025-06-25,2.085804249930324e-05,2.085804249930324e-05,0.0,0.9676808795354446,3,0.36,0.0,0.0,0,0,0,False
2025-06-26,0.00218424242424244,0.00242424242424244,0.00023999999999999998,0.9697945291656541,2,0.24,0.12,0.24,0,1,0,True
2025-06-27,0.01199434229137199,0.01199434229137199,0.0,0.9814265767007669,2,0.24,0.0,0.0,0,0,0,False
2025-06-30,-0.0008229747106729368,-0.0008229747106729368,0.0,0.9806188874477599,2,0.24,0.0,0.0,0,0,0,False
2025-07-01,0.000776866637893816,0.000776866637893816,0.0,0.9813806975459066,2,0.24,0.0,0.0,0,0,0,False
2025-07-02,-0.0046826758147512845,-0.0046826758147512845,0.0,0.9767852098884447,2,0.24,0.0,0.0,0,0,0,False
2025-07-03,0.0011244979919678853,0.0011244979919678853,0.0,0.9778836028955481,2,0.24,0.0,0.12,0,1,0,True
2025-07-04,-0.0009018567639257391,-0.0009018567639257391,0.0,0.9770016919539447,2,0.24,0.0,0.0,0,0,0,False
2025-07-07,-0.0029398663697104686,-0.0029398663697104686,0.0,0.9741294375366191,2,0.24,0.0,0.0,0,0,0,False
2025-07-08,0.0001095890410958944,0.0001095890410958944,0.0,0.9742361914475819,2,0.24,0.0,0.0,0,0,0,False
2025-07-09,-0.001806569343065707,-0.001806569343065707,0.0,0.9724761662112076,2,0.24,0.0,0.0,0,0,0,False
2025-07-10,0.008704629080118697,0.009124629080118697,0.00041999999999999996,0.980941210527332,2,0.24,0.24,0.36,0,1,0,True
2025-07-11,8.273009307136369e-05,8.273009307136369e-05,0.0,0.9810223638849765,2,0.24,0.0,0.0,0,0,0,False
2025-07-14,0.0051877368239752015,0.0051877368239752015,0.0,0.9861116497272459,2,0.24,0.0,0.0,0,0,0,False
2025-07-15,0.01670133729569093,0.01670133729569093,0.0,1.002581033000551,2,0.24,0.0,0.0,0,0,0,False
2025-07-16,0.01149565217391304,0.01149565217391304,0.0,1.0141063558320877,2,0.24,0.0,0.0,0,0,0,False
2025-07-17,-0.00023999999999999998,0.0,0.00023999999999999998,1.013862970306688,1,0.12,0.12,0.24,0,1,0,True
2025-07-18,0.0,0.0,0.0,1.013862970306688,1,0.12,0.0,0.0,0,0,0,False
2025-07-21,0.0,0.0,0.0,1.013862970306688,1,0.12,0.0,0.0,0,0,0,False
2025-07-22,0.0,0.0,0.0,1.013862970306688,1,0.12,0.0,0.0,0,0,0,False
2025-07-23,0.0,0.0,0.0,1.013862970306688,1,0.12,0.0,0.0,0,0,0,False
2025-07-24,0.0,0.0,0.0,1.013862970306688,1,0.12,0.0,0.12,0,1,0,True
2025-07-25,0.0,0.0,0.0,1.013862970306688,1,0.12,0.0,0.0,0,0,0,False
2025-07-28,0.0,0.0,0.0,1.013862970306688,1,0.12,0.0,0.0,0,0,0,False
2025-07-29,0.0,0.0,0.0,1.013862970306688,1,0.12,0.0,0.0,0,0,0,False
2025-07-30,0.0,0.0,0.0,1.013862970306688,1,0.12,0.0,0.0,0,0,0,False
2025-07-31,0.0,0.0,0.0,1.013862970306688,1,0.12,0.0,0.12,0,1,0,True
2025-08-01,0.0,0.0,0.0,1.013862970306688,1,0.12,0.0,0.0,0,0,0,False
2025-08-04,0.0,0.0,0.0,1.013862970306688,1,0.12,0.0,0.0,0,0,0,False
2025-08-05,0.0,0.0,0.0,1.013862970306688,1,0.12,0.0,0.0,0,0,0,False
2025-08-06,0.0,0.0,0.0,1.013862970306688,1,0.12,0.0,0.0,0,0,0,False
2025-08-07,-0.0036073318872017366,-0.0034273318872017366,0.00017999999999999998,1.0102056300846476,2,0.24,0.12,0.24,0,1,0,True
2025-08-08,-0.00044659471529588044,-0.00044659471529588044,0.0,1.0097544775888896,2,0.24,0.0,0.0,0,0,0,False
2025-08-11,0.0008068733657078919,0.0008068733657078919,0.0,1.0105692215827602,2,0.24,0.0,0.0,0,0,0,False
2025-08-12,0.004541743970315392,0.004541743970315392,0.0,1.0151589682514701,2,0.24,0.0,0.0,0,0,0,False
2025-08-13,0.003303539506614239,0.003303539506614239,0.0,1.0185125860085826,2,0.24,0.0,0.0,0,0,0,False
2025-08-14,-0.00023999999999999998,0.0,0.00023999999999999998,1.0182681429879405,1,0.12,0.12,0.24,0,1,0,True
2025-08-15,0.0,0.0,0.0,1.0182681429879405,1,0.12,0.0,0.0,0,0,0,False
2025-08-18,0.0,0.0,0.0,1.0182681429879405,1,0.12,0.0,0.0,0,0,0,False
2025-08-19,0.0,0.0,0.0,1.0182681429879405,1,0.12,0.0,0.0,0,0,0,False
2025-08-20,0.0,0.0,0.0,1.0182681429879405,1,0.12,0.0,0.0,0,0,0,False
2025-08-21,-0.00010689613158695748,7.310386841304251e-05,0.00017999999999999998,1.0181592940625368,2,0.24,0.12,0.24,0,1,0,True
2025-08-22,0.012018264840182633,0.012018264840182633,0.0,1.0303958021080737,2,0.24,0.0,0.0,0,0,0,False
2025-08-25,0.01198671831765357,0.01198671831765357,0.0,1.042746866343636,2,0.24,0.0,0.0,0,0,0,False
2025-08-26,0.0022943396226415033,0.0022943396226415033,0.0,1.0451392817954734,2,0.24,0.0,0.0,0,0,0,False
2025-08-27,-0.00568748457171067,-0.00568748457171067,0.0,1.0391950682549729,2,0.24,0.0,0.0,0,0,0,False
2025-08-28,-0.00023999999999999998,0.0,0.00023999999999999998,1.0389456614385917,1,0.12,0.12,0.24,0,1,0,True
2025-08-29,0.0,0.0,0.0,1.0389456614385917,1,0.12,0.0,0.0,0,0,0,False
2025-09-01,0.0,0.0,0.0,1.0389456614385917,1,0.12,0.0,0.0,0,0,0,False
2025-09-02,0.0,0.0,0.0,1.0389456614385917,1,0.12,0.0,0.0,0,0,0,False
2025-09-03,0.0,0.0,0.0,1.0389456614385917,1,0.12,0.0,0.0,0,0,0,False
2025-09-04,0.0,0.0,0.0,1.0389456614385917,1,0.12,0.0,0.12,0,1,0,True
2025-09-05,0.0,0.0,0.0,1.0389456614385917,1,0.12,0.0,0.0,0,0,0,False
2025-09-08,0.0,0.0,0.0,1.0389456614385917,1,0.12,0.0,0.0,0,0,0,False
2025-09-09,0.0,0.0,0.0,1.0389456614385917,1,0.12,0.0,0.0,0,0,0,False
2025-09-10,0.0,0.0,0.0,1.0389456614385917,1,0.12,0.0,0.0,0,0,0,False
2025-09-11,0.0,0.0,0.0,1.0389456614385917,1,0.12,0.0,0.12,0,1,0,True
2025-09-12,0.0,0.0,0.0,1.0389456614385917,1,0.12,0.0,0.0,0,0,0,False
2025-09-15,0.0,0.0,0.0,1.0389456614385917,1,0.12,0.0,0.0,0,0,0,False
2025-09-16,0.0,0.0,0.0,1.0389456614385917,1,0.12,0.0,0.0,0,0,0,False
2025-09-17,0.0,0.0,0.0,1.0389456614385917,1,0.12,0.0,0.0,0,0,0,False
2025-09-18,0.0,0.0,0.0,1.0389456614385917,1,0.12,0.0,0.12,0,1,0,True
2025-09-19,0.0,0.0,0.0,1.0389456614385917,1,0.12,0.0,0.0,0,0,0,False
2025-09-22,0.0,0.0,0.0,1.0389456614385917,1,0.12,0.0,0.0,0,0,0,False
2025-09-23,0.0,0.0,0.0,1.0389456614385917,1,0.12,0.0,0.0,0,0,0,False
2025-09-24,0.0,0.0,0.0,1.0389456614385917,1,0.12,0.0,0.0,0,0,0,False
2025-09-25,0.0,0.0,0.0,1.0389456614385917,1,0.12,0.0,0.12,0,1,0,True
2025-09-26,0.0,0.0,0.0,1.0389456614385917,1,0.12,0.0,0.0,0,0,0,False
2025-09-29,0.0,0.0,0.0,1.0389456614385917,1,0.12,0.0,0.0,0,0,0,False
2025-09-30,0.0,0.0,0.0,1.0389456614385917,1,0.12,0.0,0.0,0,0,0,False
2025-10-09,0.0,0.0,0.0,1.0389456614385917,1,0.12,0.0,0.0,0,0,0,False
2025-10-10,0.0,0.0,0.0,1.0389456614385917,1,0.12,0.0,0.12,0,1,0,True
2025-10-13,0.0,0.0,0.0,1.0389456614385917,1,0.12,0.0,0.0,0,0,0,False
2025-10-14,0.0,0.0,0.0,1.0389456614385917,1,0.12,0.0,0.0,0,0,0,False
2025-10-15,0.0,0.0,0.0,1.0389456614385917,1,0.12,0.0,0.0,0,0,0,False
2025-10-16,0.0,0.0,0.0,1.0389456614385917,1,0.12,0.0,0.0,0,0,0,False
2025-10-17,0.0,0.0,0.0,1.0389456614385917,1,0.12,0.0,0.12,0,1,0,True
2025-10-20,0.0,0.0,0.0,1.0389456614385917,1,0.12,0.0,0.0,0,0,0,False
2025-10-21,0.0,0.0,0.0,1.0389456614385917,1,0.12,0.0,0.0,0,0,0,False
2025-10-22,0.0,0.0,0.0,1.0389456614385917,1,0.12,0.0,0.0,0,0,0,False
2025-10-23,0.0,0.0,0.0,1.0389456614385917,1,0.12,0.0,0.0,0,0,0,False
2025-10-24,0.0,0.0,0.0,1.0389456614385917,1,0.12,0.0,0.12,0,1,0,True
2025-10-27,0.0,0.0,0.0,1.0389456614385917,1,0.12,0.0,0.0,0,0,0,False
2025-10-28,0.0,0.0,0.0,1.0389456614385917,1,0.12,0.0,0.0,0,0,0,False
2025-10-29,0.0,0.0,0.0,1.0389456614385917,1,0.12,0.0,0.0,0,0,0,False
2025-10-30,0.0,0.0,0.0,1.0389456614385917,1,0.12,0.0,0.0,0,0,0,False
2025-10-31,0.0,0.0,0.0,1.0389456614385917,1,0.12,0.0,0.12,0,1,0,True
2025-11-03,0.0,0.0,0.0,1.0389456614385917,1,0.12,0.0,0.0,0,0,0,False
2025-11-04,0.0,0.0,0.0,1.0389456614385917,1,0.12,0.0,0.0,0,0,0,False
2025-11-05,0.0,0.0,0.0,1.0389456614385917,1,0.12,0.0,0.0,0,0,0,False
2025-11-06,0.0,0.0,0.0,1.0389456614385917,1,0.12,0.0,0.0,0,0,0,False
2025-11-07,0.0,0.0,0.0,1.0389456614385917,1,0.12,0.0,0.12,0,1,0,True
2025-11-10,0.0,0.0,0.0,1.0389456614385917,1,0.12,0.0,0.0,0,0,0,False
2025-11-11,0.0,0.0,0.0,1.0389456614385917,1,0.12,0.0,0.0,0,0,0,False
2025-11-12,0.0,0.0,0.0,1.0389456614385917,1,0.12,0.0,0.0,0,0,0,False
2025-11-13,0.0,0.0,0.0,1.0389456614385917,1,0.12,0.0,0.0,0,0,0,False
2025-11-14,0.0,0.0,0.0,1.0389456614385917,1,0.12,0.0,0.12,0,1,0,True
2025-11-17,0.0,0.0,0.0,1.0389456614385917,1,0.12,0.0,0.0,0,0,0,False
2025-11-18,0.0,0.0,0.0,1.0389456614385917,1,0.12,0.0,0.0,0,0,0,False
2025-11-19,0.0,0.0,0.0,1.0389456614385917,1,0.12,0.0,0.0,0,0,0,False
2025-11-20,0.0,0.0,0.0,1.0389456614385917,1,0.12,0.0,0.0,0,0,0,False
2025-11-21,0.0,0.0,0.0,1.0389456614385917,1,0.12,0.0,0.12,0,1,0,True
2025-11-24,0.0,0.0,0.0,1.0389456614385917,1,0.12,0.0,0.0,0,0,0,False
2025-11-25,0.0,0.0,0.0,1.0389456614385917,1,0.12,0.0,0.0,0,0,0,False
2025-11-26,0.0,0.0,0.0,1.0389456614385917,1,0.12,0.0,0.0,0,0,0,False
2025-11-27,0.0,0.0,0.0,1.0389456614385917,1,0.12,0.0,0.0,0,0,0,False
2025-11-28,0.0,0.0,0.0,1.0389456614385917,1,0.12,0.0,0.12,0,1,0,True
2025-12-01,0.0,0.0,0.0,1.0389456614385917,1,0.12,0.0,0.0,0,0,0,False
2025-12-02,0.0,0.0,0.0,1.0389456614385917,1,0.12,0.0,0.0,0,0,0,False
2025-12-03,0.0,0.0,0.0,1.0389456614385917,1,0.12,0.0,0.0,0,0,0,False
2025-12-04,0.0,0.0,0.0,1.0389456614385917,1,0.12,0.0,0.0,0,0,0,False
2025-12-05,0.0,0.0,0.0,1.0389456614385917,1,0.12,0.0,0.12,0,1,0,True
2025-12-08,0.0,0.0,0.0,1.0389456614385917,1,0.12,0.0,0.0,0,0,0,False
2025-12-09,0.0,0.0,0.0,1.0389456614385917,1,0.12,0.0,0.0,0,0,0,False
2025-12-10,0.0,0.0,0.0,1.0389456614385917,1,0.12,0.0,0.0,0,0,0,False
2025-12-11,0.0,0.0,0.0,1.0389456614385917,1,0.12,0.0,0.0,0,0,0,False
2025-12-12,0.0,0.0,0.0,1.0389456614385917,1,0.12,0.0,0.12,0,1,0,True
2025-12-15,0.0,0.0,0.0,1.0389456614385917,1,0.12,0.0,0.0,0,0,0,False
2025-12-16,0.0,0.0,0.0,1.0389456614385917,1,0.12,0.0,0.0,0,0,0,False
2025-12-17,0.0,0.0,0.0,1.0389456614385917,1,0.12,0.0,0.0,0,0,0,False
2025-12-18,0.0,0.0,0.0,1.0389456614385917,1,0.12,0.0,0.0,0,0,0,False
2025-12-19,0.0,0.0,0.0,1.0389456614385917,1,0.12,0.0,0.12,0,1,0,True
2025-12-22,0.0,0.0,0.0,1.0389456614385917,1,0.12,0.0,0.0,0,0,0,False
2025-12-23,0.0,0.0,0.0,1.0389456614385917,1,0.12,0.0,0.0,0,0,0,False
2025-12-24,0.0,0.0,0.0,1.0389456614385917,1,0.12,0.0,0.0,0,0,0,False
2025-12-25,0.0,0.0,0.0,1.0389456614385917,1,0.12,0.0,0.0,0,0,0,False
2025-12-26,0.0,0.0,0.0,1.0389456614385917,1,0.12,0.0,0.12,0,1,0,True
2025-12-29,0.0,0.0,0.0,1.0389456614385917,1,0.12,0.0,0.0,0,0,0,False
2025-12-30,0.0,0.0,0.0,1.0389456614385917,1,0.12,0.0,0.0,0,0,0,False
2025-12-31,0.0,0.0,0.0,1.0389456614385917,1,0.12,0.0,0.0,0,0,0,False
2026-01-05,0.0,0.0,0.0,1.0389456614385917,1,0.12,0.0,0.0,0,0,0,False
2026-01-06,0.0,0.0,0.0,1.0389456614385917,1,0.12,0.0,0.12,0,1,0,True
2026-01-07,0.0,0.0,0.0,1.0389456614385917,1,0.12,0.0,0.0,0,0,0,False
2026-01-08,0.0,0.0,0.0,1.0389456614385917,1,0.12,0.0,0.0,0,0,0,False
2026-01-09,0.0,0.0,0.0,1.0389456614385917,1,0.12,0.0,0.0,0,0,0,False
2026-01-12,0.0,0.0,0.0,1.0389456614385917,1,0.12,0.0,0.0,0,0,0,False
2026-01-13,0.0,0.0,0.0,1.0389456614385917,1,0.12,0.0,0.12,0,1,0,True
2026-01-14,0.0,0.0,0.0,1.0389456614385917,1,0.12,0.0,0.0,0,0,0,False
2026-01-15,0.0,0.0,0.0,1.0389456614385917,1,0.12,0.0,0.0,0,0,0,False
2026-01-16,0.0,0.0,0.0,1.0389456614385917,1,0.12,0.0,0.0,0,0,0,False
2026-01-19,0.0,0.0,0.0,1.0389456614385917,1,0.12,0.0,0.0,0,0,0,False
2026-01-20,0.0,0.0,0.0,1.0389456614385917,1,0.12,0.0,0.12,0,1,0,True
2026-01-21,0.0,0.0,0.0,1.0389456614385917,1,0.12,0.0,0.0,0,0,0,False
2026-01-22,0.0,0.0,0.0,1.0389456614385917,1,0.12,0.0,0.0,0,0,0,False
2026-01-23,0.0,0.0,0.0,1.0389456614385917,1,0.12,0.0,0.0,0,0,0,False
2026-01-26,0.0,0.0,0.0,1.0389456614385917,1,0.12,0.0,0.0,0,0,0,False
2026-01-27,0.0,0.0,0.0,1.0389456614385917,1,0.12,0.0,0.12,0,1,0,True
2026-01-28,0.0,0.0,0.0,1.0389456614385917,1,0.12,0.0,0.0,0,0,0,False
2026-01-29,0.0,0.0,0.0,1.0389456614385917,1,0.12,0.0,0.0,0,0,0,False
2026-01-30,0.0,0.0,0.0,1.0389456614385917,1,0.12,0.0,0.0,0,0,0,False
2026-02-02,0.0,0.0,0.0,1.0389456614385917,1,0.12,0.0,0.0,0,0,0,False
2026-02-03,0.0,0.0,0.0,1.0389456614385917,1,0.12,0.0,0.12,0,1,0,True
2026-02-04,0.0,0.0,0.0,1.0389456614385917,1,0.12,0.0,0.0,0,0,0,False
2026-02-05,0.0,0.0,0.0,1.0389456614385917,1,0.12,0.0,0.0,0,0,0,False
2026-02-06,0.0,0.0,0.0,1.0389456614385917,1,0.12,0.0,0.0,0,0,0,False
2026-02-09,0.0,0.0,0.0,1.0389456614385917,1,0.12,0.0,0.0,0,0,0,False
2026-02-10,0.0,0.0,0.0,1.0389456614385917,1,0.12,0.0,0.12,0,1,0,True
2026-02-11,0.0,0.0,0.0,1.0389456614385917,1,0.12,0.0,0.0,0,0,0,False
2026-02-12,0.0,0.0,0.0,1.0389456614385917,1,0.12,0.0,0.0,0,0,0,False
2026-02-13,0.0,0.0,0.0,1.0389456614385917,1,0.12,0.0,0.0,0,0,0,False
2026-02-24,0.0,0.0,0.0,1.0389456614385917,1,0.12,0.0,0.0,0,0,0,False
2026-02-25,0.0,0.0,0.0,1.0389456614385917,1,0.12,0.0,0.12,0,1,0,True
2026-02-26,0.0,0.0,0.0,1.0389456614385917,1,0.12,0.0,0.0,0,0,0,False
2026-02-27,0.0,0.0,0.0,1.0389456614385917,1,0.12,0.0,0.0,0,0,0,False
2026-03-02,0.0,0.0,0.0,1.0389456614385917,1,0.12,0.0,0.0,0,0,0,False
2026-03-03,0.0,0.0,0.0,1.0389456614385917,1,0.12,0.0,0.0,0,0,0,False
2026-03-04,0.0,0.0,0.0,1.0389456614385917,1,0.12,0.0,0.12,0,1,0,True
2026-03-05,0.0,0.0,0.0,1.0389456614385917,1,0.12,0.0,0.0,0,0,0,False
2026-03-06,0.0,0.0,0.0,1.0389456614385917,1,0.12,0.0,0.0,0,0,0,False
2026-03-09,0.0,0.0,0.0,1.0389456614385917,1,0.12,0.0,0.0,0,0,0,False
2026-03-10,0.0,0.0,0.0,1.0389456614385917,1,0.12,0.0,0.0,0,0,0,False
2026-03-11,0.0,0.0,0.0,1.0389456614385917,1,0.12,0.0,0.12,0,1,0,True
2026-03-12,0.0,0.0,0.0,1.0389456614385917,1,0.12,0.0,0.0,0,0,0,False
2026-03-13,0.0,0.0,0.0,1.0389456614385917,1,0.12,0.0,0.0,0,0,0,False
2026-03-16,0.0,0.0,0.0,1.0389456614385917,1,0.12,0.0,0.0,0,0,0,False
2026-03-17,0.0,0.0,0.0,1.0389456614385917,1,0.12,0.0,0.0,0,0,0,False
2026-03-18,0.0,0.0,0.0,1.0389456614385917,1,0.12,0.0,0.12,0,1,0,True
2026-03-19,0.0,0.0,0.0,1.0389456614385917,1,0.12,0.0,0.0,0,0,0,False
2026-03-20,0.0,0.0,0.0,1.0389456614385917,1,0.12,0.0,0.0,0,0,0,False
2026-03-23,0.0,0.0,0.0,1.0389456614385917,1,0.12,0.0,0.0,0,0,0,False
2026-03-24,0.0,0.0,0.0,1.0389456614385917,1,0.12,0.0,0.0,0,0,0,False
2026-03-25,0.0,0.0,0.0,1.0389456614385917,1,0.12,0.0,0.12,0,1,0,True
2026-03-26,0.0,0.0,0.0,1.0389456614385917,1,0.12,0.0,0.0,0,0,0,False
2026-03-27,0.0,0.0,0.0,1.0389456614385917,1,0.12,0.0,0.0,0,0,0,False
2026-03-30,0.0,0.0,0.0,1.0389456614385917,1,0.12,0.0,0.0,0,0,0,False
2026-03-31,0.0,0.0,0.0,1.0389456614385917,1,0.12,0.0,0.0,0,0,0,False
2026-04-01,0.0,0.0,0.0,1.0389456614385917,1,0.12,0.0,0.12,0,1,0,True
2026-04-02,0.0,0.0,0.0,1.0389456614385917,1,0.12,0.0,0.0,0,0,0,False
2026-04-03,0.0,0.0,0.0,1.0389456614385917,1,0.12,0.0,0.0,0,0,0,False
2026-04-07,0.0,0.0,0.0,1.0389456614385917,1,0.12,0.0,0.0,0,0,0,False
2026-04-08,0.0,0.0,0.0,1.0389456614385917,1,0.12,0.0,0.0,0,0,0,False
2026-04-09,0.0,0.0,0.0,1.0389456614385917,1,0.12,0.0,0.12,0,1,0,True
2026-04-10,0.0,0.0,0.0,1.0389456614385917,1,0.12,0.0,0.0,0,0,0,False
2026-04-13,0.0,0.0,0.0,1.0389456614385917,1,0.12,0.0,0.0,0,0,0,False
2026-04-14,0.0,0.0,0.0,1.0389456614385917,1,0.12,0.0,0.0,0,0,0,False
2026-04-15,0.0,0.0,0.0,1.0389456614385917,1,0.12,0.0,0.0,0,0,0,False
2026-04-16,0.0,0.0,0.0,1.0389456614385917,1,0.12,0.0,0.12,0,1,0,True
2026-04-17,0.0,0.0,0.0,1.0389456614385917,1,0.12,0.0,0.0,0,0,0,False
2026-04-20,0.0,0.0,0.0,1.0389456614385917,1,0.12,0.0,0.0,0,0,0,False
2026-04-21,0.0,0.0,0.0,1.0389456614385917,1,0.12,0.0,0.0,0,0,0,False
2026-04-22,0.0,0.0,0.0,1.0389456614385917,1,0.12,0.0,0.0,0,0,0,False
2026-04-23,0.0,0.0,0.0,1.0389456614385917,1,0.12,0.0,0.12,0,1,0,True
2026-04-24,0.0,0.0,0.0,1.0389456614385917,1,0.12,0.0,0.0,0,0,0,False
2026-04-27,0.0,0.0,0.0,1.0389456614385917,1,0.12,0.0,0.0,0,0,0,False
2026-04-28,0.0,0.0,0.0,1.0389456614385917,1,0.12,0.0,0.0,0,0,0,False
2026-04-29,0.0,0.0,0.0,1.0389456614385917,1,0.12,0.0,0.0,0,0,0,False
2026-04-30,0.0,0.0,0.0,1.0389456614385917,1,0.12,0.0,0.12,0,1,0,True
2026-05-06,0.0,0.0,0.0,1.0389456614385917,1,0.12,0.0,0.0,0,0,0,False
2026-05-07,0.0,0.0,0.0,1.0389456614385917,1,0.12,0.0,0.0,0,0,0,False
2026-05-08,0.0,0.0,0.0,1.0389456614385917,1,0.12,0.0,0.0,0,0,0,False
2026-05-11,0.0,0.0,0.0,1.0389456614385917,1,0.12,0.0,0.0,0,0,0,False
2026-05-12,0.0,0.0,0.0,1.0389456614385917,1,0.12,0.0,0.12,0,1,0,True
2026-05-13,0.0,0.0,0.0,1.0389456614385917,1,0.12,0.0,0.0,0,0,0,False
2026-05-14,0.0,0.0,0.0,1.0389456614385917,1,0.12,0.0,0.0,0,0,0,False
2026-05-15,0.0,0.0,0.0,1.0389456614385917,1,0.12,0.0,0.0,0,0,0,False
2026-05-18,0.0,0.0,0.0,1.0389456614385917,1,0.12,0.0,0.0,0,0,0,False
2026-05-19,0.0,0.0,0.0,1.0389456614385917,1,0.12,0.0,0.12,0,1,0,True
2026-05-20,0.0,0.0,0.0,1.0389456614385917,1,0.12,0.0,0.0,0,0,0,False
2026-05-21,0.0,0.0,0.0,1.0389456614385917,1,0.12,0.0,0.0,0,0,0,False
2026-05-22,0.0,0.0,0.0,1.0389456614385917,1,0.12,0.0,0.0,0,0,0,False
2026-05-25,0.0,0.0,0.0,1.0389456614385917,1,0.12,0.0,0.0,0,0,0,False
2026-05-26,0.0,0.0,0.0,1.0389456614385917,1,0.12,0.0,0.12,0,1,0,True
2026-05-27,0.0,0.0,0.0,1.0389456614385917,1,0.12,0.0,0.0,0,0,0,False
2026-05-28,0.0,0.0,0.0,1.0389456614385917,1,0.12,0.0,0.0,0,0,0,False
2026-05-29,0.0,0.0,0.0,1.0389456614385917,1,0.12,0.0,0.0,0,0,0,False
2026-06-01,0.0,0.0,0.0,1.0389456614385917,1,0.12,0.0,0.0,0,0,0,False
2026-06-02,0.0,0.0,0.0,1.0389456614385917,1,0.12,0.0,0.12,0,1,0,True
2026-06-03,0.0,0.0,0.0,1.0389456614385917,1,0.12,0.0,0.0,0,0,0,False
2026-06-04,0.0,0.0,0.0,1.0389456614385917,1,0.12,0.0,0.0,0,0,0,False
2026-06-05,0.0,0.0,0.0,1.0389456614385917,1,0.12,0.0,0.0,0,0,0,False
2026-06-08,0.0,0.0,0.0,1.0389456614385917,1,0.12,0.0,0.0,0,0,0,False
2026-06-09,0.0,0.0,0.0,1.0389456614385917,1,0.12,0.0,0.12,0,1,0,True
2026-06-10,0.0,0.0,0.0,1.0389456614385917,1,0.12,0.0,0.0,0,0,0,False
2026-06-11,0.0,0.0,0.0,1.0389456614385917,1,0.12,0.0,0.0,0,0,0,False
2026-06-12,0.0,0.0,0.0,1.0389456614385917,1,0.12,0.0,0.0,0,0,0,False
