pool_rank,trade_date,symbol,name,close,price_factor_score,action,target_weight,recommendation_tier,confidence,model_version,strategy_type,strategy_label,market_regime_key,market_regime_label,market_breadth_20d,market_breadth_60d,market_avg_momentum_20d,market_amount_trend,market_volatility_20d,adaptive_note,effective_buy_score_threshold,score_weight_alpha,score_weight_fundamental,score_weight_valuation,score_weight_liquidity,score_weight_risk,risk_flags,reason,review_required,amount,amount_yi,pct_change,intraday_position_pct,amplitude_pct_display,gap_pct_display,alpha_score,liquidity_capacity_score,risk_control_score,crowding_penalty,momentum_score,medium_momentum_score,long_momentum_score,liquidity_score,capacity_score,trend20_score,trend60_score,trend120_score,stability_score,tradability_score,reversal_risk_score,board,source_time,industry,market,fundamental_quality_score,valuation_sanity_score,financial_data_score,data_completeness,raw_institutional_score,score_rank,gate_penalty_score,amount_ma20_yi,amount_ma60_yi,volatility_60d,garp_score,turnover_rate,volume_ratio,pe_ttm,pb,ps_ttm,dv_ttm,total_mv_yi,roe_dt,grossprofit_margin,netprofit_yoy,or_yoy,debt_to_assets,ocfps,end_date
1,2026-06-18,600961,株冶集团,28.82,81.57,watch,0.0,watch_candidate,medium,institutional_score_v6_short_adaptive_tushare,short_elastic_2_8w,短期高弹性 2-8周,defensive,缩量防御,0.2153,0.3031,-0.1004,0.9248,0.4773,市场广度或成交不足，降低追涨权重，提高风控、质量和估值门槛。,82.0,0.22,0.22,0.18,0.15,0.23,,短期高弹性 2-8周；综合评分 81.6；市场风格 缩量防御，市场广度或成交不足，降低追涨权重，提高风控、质量和估值门槛。；20日动量 10.08%；60日动量 63.75%；20日成交 11.98亿；换手 10.9482%；PE_TTM 15.5223；ROE 22.6744；门禁扣分 0.0；观察候选,True,2312809.499,23.128094989999997,7.9401,87.0,10.37,-1.09,62.05,63.2,76.74,3.6,0.5052521008403367,0.47727272727272735,0.0,0.6861520998864926,0.5683494044242768,0.6092713890727833,0.5155838687408875,0.5311678537215518,0.5130533484676504,1.0,0.8199576370910804,main,tushare_proxy,铅锌,主板,81.57,65.1,1.0,1.0,66.84,0.9937606352807714,0.0,11.9839413115,13.037883282666666,0.7098073238664462,0.0,10.9482,,15.5223,6.1187,1.2646,,309.20191214,22.6744,24.0894,313.0,45.9024,40.7098,1.4139,20260331
2,2026-06-18,002384,东山精密,273.0,79.9,watch,0.0,watch_candidate,medium,institutional_score_v6_short_adaptive_tushare,short_elastic_2_8w,短期高弹性 2-8周,defensive,缩量防御,0.2153,0.3031,-0.1004,0.9248,0.4773,市场广度或成交不足，降低追涨权重，提高风控、质量和估值门槛。,82.0,0.22,0.22,0.18,0.15,0.23,,短期高弹性 2-8周；综合评分 79.9；市场风格 缩量防御，市场广度或成交不足，降低追涨权重，提高风控、质量和估值门槛。；20日动量 31.90%；60日动量 135.22%；20日成交 193.89亿；换手 5.7416%；PE_TTM 245.1005；ROE 4.8041；门禁扣分 0.0；观察候选,True,21311192.1542,213.11192154199998,6.2588,79.5,8.74,0.0,66.9,96.98,69.67,3.91,0.6242385304568229,0.0,0.0,0.9977298524404086,0.9863868406125922,0.9670967355336123,1.0,1.0,0.25368898978433596,1.0,1.0,main,tushare_proxy,元器件,主板,69.65,45.44,1.0,1.0,64.88,0.9852524106636416,0.0,193.8877674691,158.40778298686666,0.7870580450846691,0.465526785241511,5.7416,,245.1005,22.0883,11.1963,,5000.288475,4.8041,19.3275,143.471,52.7234,63.6888,0.6151,20260331
3,2026-06-18,000831,中国稀土,61.9,79.53,watch,0.0,watch_candidate,medium,institutional_score_v6_short_adaptive_tushare,short_elastic_2_8w,短期高弹性 2-8周,defensive,缩量防御,0.2153,0.3031,-0.1004,0.9248,0.4773,市场广度或成交不足，降低追涨权重，提高风控、质量和估值门槛。,82.0,0.22,0.22,0.18,0.15,0.23,valuation_expensive_or_invalid,短期高弹性 2-8周；综合评分 79.5；市场风格 缩量防御，市场广度或成交不足，降低追涨权重，提高风控、质量和估值门槛。；20日动量 20.99%；60日动量 33.06%；20日成交 27.44亿；换手 7.3587%；PE_TTM 275.4137；ROE 2.8356；门禁扣分 3.0；观察候选,True,4813388.3239,48.133883239,4.7555,69.3,8.26,-0.83,82.21,85.43,88.86,2.71,0.9191091012826742,0.9374531939089668,0.0,0.8870601589103292,0.8428814520703346,0.7252264484329957,0.49539198261145934,0.3997087941943323,0.6430192962542565,1.0,1.0,main,tushare_proxy,小金属,主板,62.06,32.18,1.0,1.0,68.07,0.996596710153148,3.0,27.436302187625,21.657833235375,0.5333965661429221,0.24319972021220693,7.3587,,275.4137,13.2783,20.0571,,656.8956752,2.8356,20.8361,90.7983,12.7857,11.0458,0.0808,20260331
4,2026-06-18,688498,源杰科技,1673.36,79.35,watch,0.0,watch_candidate,medium,institutional_score_v6_short_adaptive_tushare,short_elastic_2_8w,短期高弹性 2-8周,defensive,缩量防御,0.2153,0.3031,-0.1004,0.9248,0.4773,市场广度或成交不足，降低追涨权重，提高风控、质量和估值门槛。,82.0,0.22,0.22,0.18,0.15,0.23,alpha_buy_gate,短期高弹性 2-8周；综合评分 79.3；市场风格 缩量防御，市场广度或成交不足，降低追涨权重，提高风控、质量和估值门槛。；20日动量 61.20%；60日动量 50.08%；20日成交 81.23亿；换手 3.5827%；PE_TTM 585.132；ROE 7.3271；门禁扣分 4.0；观察候选,True,7341815.16,73.4181516,3.8065,67.9,7.46,-0.74,57.41,93.05,73.09,2.38,0.0,0.725845890179203,0.0,0.9795686719636776,0.9653998865570051,1.0,0.6741618732457187,0.8509632919377856,0.21509648127128267,1.0,0.8810761739704547,star,tushare_proxy,半导体,科创板,94.57,40.6,1.0,1.0,69.13,0.9988655700510494,4.0,81.227502767,58.571129072,1.0444669460860256,0.7247790730492071,3.5827,,585.132,82.5173,238.8295,0.0411,2083.33822008,7.3271,77.8079,1153.072,320.9399,10.7162,0.4613,20260331
5,2026-06-18,600909,华安证券,8.97,79.24,watch,0.0,watch_candidate,medium,institutional_score_v6_short_adaptive_tushare,short_elastic_2_8w,短期高弹性 2-8周,defensive,缩量防御,0.2153,0.3031,-0.1004,0.9248,0.4773,市场广度或成交不足，降低追涨权重，提高风控、质量和估值门槛。,82.0,0.22,0.22,0.18,0.15,0.23,high_debt_ratio,短期高弹性 2-8周；综合评分 79.2；市场风格 缩量防御，市场广度或成交不足，降低追涨权重，提高风控、质量和估值门槛。；20日动量 25.98%；60日动量 53.07%；20日成交 17.85亿；换手 4.8623%；PE_TTM 22.3432；ROE 1.715；门禁扣分 3.0；观察候选,True,2168825.624,21.688256239999998,2.0478,63.6,6.26,-0.23,82.67,83.39,81.91,2.04,0.7842392954752503,0.6714241390009308,0.0,0.800794551645857,0.7782189449801474,0.8638355258808755,0.9283820810407433,0.787092956003605,0.7060158910329171,1.0,1.0,main,tushare_proxy,证券,主板,35.79,68.41,1.0,1.0,67.68,0.9960294951786727,3.0,17.8495424115,9.479499293166667,0.4717859317279522,0.0,4.8623,,22.3432,1.7084,9.3882,1.4533,450.67157421,1.715,,-17.4,-21.6102,76.2818,0.6436,20260331
6,2026-06-18,600141,兴发集团,38.65,78.81,watch,0.0,watch_candidate,medium,institutional_score_v6_short_adaptive_tushare,short_elastic_2_8w,短期高弹性 2-8周,defensive,缩量防御,0.2153,0.3031,-0.1004,0.9248,0.4773,市场广度或成交不足，降低追涨权重，提高风控、质量和估值门槛。,82.0,0.22,0.22,0.18,0.15,0.23,,短期高弹性 2-8周；综合评分 78.8；市场风格 缩量防御，市场广度或成交不足，降低追涨权重，提高风控、质量和估值门槛。；20日动量 23.13%；60日动量 21.54%；20日成交 14.78亿；换手 6.374%；PE_TTM 32.2979；ROE 0.8955；门禁扣分 0.0；观察候选,True,2919916.002,29.199160019999997,2.7926,68.9,6.84,0.64,74.19,79.43,74.95,1.01,0.8613950044341891,0.5658348549401497,0.0,0.7451759364358683,0.7855927396483268,0.8468168893509026,0.49669393019794084,0.3300552406392462,0.38479001135073776,1.0,0.9561899894125805,main,tushare_proxy,农药化肥,主板,25.83,74.63,1.0,1.0,63.58,0.9801474758933636,0.0,14.7769865445,11.704884038833333,0.55319278715734,0.0,6.374,,32.2979,1.8568,1.5733,2.3753,464.47247135,0.8955,13.6701,-17.3743,3.089,48.4997,-0.923,20260331
7,2026-06-18,688525,佰维存储,386.2,78.54,watch,0.0,watch_candidate,medium,institutional_score_v6_short_adaptive_tushare,short_elastic_2_8w,短期高弹性 2-8周,defensive,缩量防御,0.2153,0.3031,-0.1004,0.9248,0.4773,市场广度或成交不足，降低追涨权重，提高风控、质量和估值门槛。,82.0,0.22,0.22,0.18,0.15,0.23,valuation_expensive_or_invalid,短期高弹性 2-8周；综合评分 78.5；市场风格 缩量防御，市场广度或成交不足，降低追涨权重，提高风控、质量和估值门槛。；20日动量 28.31%；60日动量 61.67%；20日成交 130.54亿；换手 9.8214%；PE_TTM 46.1118；ROE 40.3727；门禁扣分 3.0；观察候选,True,17529884.495,175.29884495000002,4.3784,79.5,7.89,-1.89,74.24,87.64,73.53,2.69,0.7214689772829309,0.5150703281982587,0.0,0.9897843359818388,0.9597277368122519,0.8857684061145478,0.8036752216297156,0.9517338005762834,0.3893303064699205,1.0,1.0,star,tushare_proxy,半导体,科创板,78.31,32.73,1.0,1.0,66.82,0.9931934203062961,3.0,130.5354075255,113.66226246883333,0.8385735492829531,0.0,9.8214,,46.1118,21.3953,10.9886,0.0554,1821.1905954,40.3727,53.3049,1567.8539,341.528,64.9551,-5.748,20260331
8,2026-06-18,600888,新疆众和,13.14,78.23,watch,0.0,watch_candidate,medium,institutional_score_v6_short_adaptive_tushare,short_elastic_2_8w,短期高弹性 2-8周,defensive,缩量防御,0.2153,0.3031,-0.1004,0.9248,0.4773,市场广度或成交不足，降低追涨权重，提高风控、质量和估值门槛。,82.0,0.22,0.22,0.18,0.15,0.23,,短期高弹性 2-8周；综合评分 78.2；市场风格 缩量防御，市场广度或成交不足，降低追涨权重，提高风控、质量和估值门槛。；20日动量 40.23%；60日动量 63.23%；20日成交 13.30亿；换手 9.387%；PE_TTM 28.94；ROE 2.0274；门禁扣分 0.0；观察候选,True,1876903.608,18.76903608,6.8293,84.9,7.56,3.9,63.09,66.29,79.02,1.63,0.3990596786754732,0.4867306606437044,0.0,0.7179341657207718,0.5519001701644923,0.7327517662029929,0.8837176848665196,0.7886924041735008,0.4341657207718501,1.0,1.0,main,tushare_proxy,铝,主板,43.74,71.34,1.0,1.0,62.83,0.9784458309699376,0.0,13.2985689815,6.606859457166666,0.5385362927414115,0.5430245485412096,9.387,,28.94,1.5941,2.6152,0.9893,204.07548726,2.0274,20.6986,19.5194,-4.8468,39.983,0.0336,20260331
9,2026-06-18,601138,工业富联,78.08,76.91,watch,0.0,watch_candidate,medium,institutional_score_v6_short_adaptive_tushare,short_elastic_2_8w,短期高弹性 2-8周,defensive,缩量防御,0.2153,0.3031,-0.1004,0.9248,0.4773,市场广度或成交不足，降低追涨权重，提高风控、质量和估值门槛。,82.0,0.22,0.22,0.18,0.15,0.23,alpha_buy_gate,短期高弹性 2-8周；综合评分 76.9；市场风格 缩量防御，市场广度或成交不足，降低追涨权重，提高风控、质量和估值门槛。；20日动量 19.21%；60日动量 55.23%；20日成交 188.04亿；换手 2.1415%；PE_TTM 38.1166；ROE 5.9765；门禁扣分 4.0；观察候选,True,33063388.881,330.63388881000003,7.489,77.1,10.94,-0.88,59.7,87.68,74.67,1.86,0.9674025170208375,0.6322067594433397,0.0,0.9960272417707151,0.9977311401020987,0.3797997763168651,0.5479339972657781,0.5808062614252435,0.5175936435868331,1.0,0.8691284039834319,main,tushare_proxy,通信设备,主板,67.7,53.48,1.0,1.0,66.12,0.9892229154849688,4.0,188.0421622755,149.55494632966665,0.6019315079258979,0.46771803960928904,2.1415,,38.1166,8.7927,1.5595,1.2427,15494.267267840001,5.9765,7.3505,102.5485,56.5178,61.3822,1.261,20260331
10,2026-06-18,000630,铜陵有色,7.65,76.88,watch,0.0,watch_candidate,medium,institutional_score_v6_short_adaptive_tushare,short_elastic_2_8w,短期高弹性 2-8周,defensive,缩量防御,0.2153,0.3031,-0.1004,0.9248,0.4773,市场广度或成交不足，降低追涨权重，提高风控、质量和估值门槛。,82.0,0.22,0.22,0.18,0.15,0.23,weak_close_position,短期高弹性 2-8周；综合评分 76.9；市场风格 缩量防御，市场广度或成交不足，降低追涨权重，提高风控、质量和估值门槛。；20日动量 32.35%；60日动量 28.36%；20日成交 40.34亿；换手 7.6823%；PE_TTM 39.0075；ROE 1.5011；门禁扣分 6.0；观察候选,True,6598819.89592,65.9881989592,1.1905,42.2,8.47,-2.25,71.45,88.03,74.07,1.26,0.6120826709062005,0.7856678934834381,0.0,0.9375709421112373,0.8848553601815088,0.5966293614219883,0.5134827595331976,0.3696297740119471,0.35414301929625425,1.0,0.9953375606117122,main,tushare_proxy,铜,主板,52.11,68.59,1.0,1.0,68.51,0.9977311401020987,6.0,40.342547026155,25.603078626218334,0.5869806613388578,0.38268504663261527,7.6823,,39.0075,2.7366,0.5074,1.3072,1025.82456975,1.5011,7.577,19.1171,83.6064,54.3423,0.4945,20260331
11,2026-06-18,688002,睿创微纳,147.76,76.76,watch,0.0,watch_candidate,medium,institutional_score_v6_short_adaptive_tushare,short_elastic_2_8w,短期高弹性 2-8周,defensive,缩量防御,0.2153,0.3031,-0.1004,0.9248,0.4773,市场广度或成交不足，降低追涨权重，提高风控、质量和估值门槛。,82.0,0.22,0.22,0.18,0.15,0.23,valuation_expensive_or_invalid,短期高弹性 2-8周；综合评分 76.8；市场风格 缩量防御，市场广度或成交不足，降低追涨权重，提高风控、质量和估值门槛。；20日动量 14.21%；60日动量 46.30%；20日成交 14.50亿；换手 1.7892%；PE_TTM 47.6417；ROE 6.715；门禁扣分 3.0；观察候选,True,1239100.96,12.3910096,1.3443,76.0,3.55,0.04,66.11,65.12,84.58,2.97,0.7628883907868298,0.7945994599459947,0.0,0.738933030646992,0.8536585365853658,0.6721517281216903,0.46601604652408624,0.49093253871991566,0.6163450624290578,1.0,0.9798115746971734,star,tushare_proxy,通信设备,科创板,87.68,25.72,1.0,1.0,64.71,0.9846851956891662,3.0,14.499178914999998,12.572340239833334,0.5142993383663192,0.0,1.7892,,47.6417,9.7578,9.7631,0.1038,694.40063192,6.715,53.4041,228.3127,71.1241,36.0722,2.0123,20260331
12,2026-06-18,603259,药明康德,102.72,76.31,watch,0.0,watch_candidate,medium,institutional_score_v6_short_adaptive_tushare,short_elastic_2_8w,短期高弹性 2-8周,defensive,缩量防御,0.2153,0.3031,-0.1004,0.9248,0.4773,市场广度或成交不足，降低追涨权重，提高风控、质量和估值门槛。,82.0,0.22,0.22,0.18,0.15,0.23,weak_price_alpha,短期高弹性 2-8周；综合评分 76.3；市场风格 缩量防御，市场广度或成交不足，降低追涨权重，提高风控、质量和估值门槛。；20日动量 -1.45%；60日动量 13.00%；20日成交 42.53亿；换手 2.3023%；PE_TTM 15.2255；ROE 5.2163；门禁扣分 5.0；观察候选,True,5799270.625,57.99270625,4.6029,75.6,6.73,-0.41,22.71,84.72,90.04,1.23,0.0,0.29042904290428984,0.0,0.9409761634506243,0.9733408961996597,0.25085878591679556,0.169882593980551,0.20123397015982805,0.938706015891033,1.0,0.7252747252747251,main,tushare_proxy,化学制药,主板,77.04,69.17,1.0,1.0,66.58,0.9914917753828701,5.0,42.52868878700001,45.561543978833335,0.41007673150950813,0.8028190488700817,2.3023,,15.2255,3.6391,6.3538,1.8782,3064.91539584,5.2163,50.4026,26.6767,28.8068,21.0799,1.2051,20260331
13,2026-06-18,300054,鼎龙股份,92.18,76.13,watch,0.0,watch_candidate,medium,institutional_score_v6_short_adaptive_tushare,short_elastic_2_8w,短期高弹性 2-8周,defensive,缩量防御,0.2153,0.3031,-0.1004,0.9248,0.4773,市场广度或成交不足，降低追涨权重，提高风控、质量和估值门槛。,82.0,0.22,0.22,0.18,0.15,0.23,valuation_expensive_or_invalid,短期高弹性 2-8周；综合评分 76.1；市场风格 缩量防御，市场广度或成交不足，降低追涨权重，提高风控、质量和估值门槛。；20日动量 26.31%；60日动量 102.28%；20日成交 36.88亿；换手 6.6322%；PE_TTM 105.8033；ROE 4.4251；门禁扣分 3.0；观察候选,True,4492993.24307,44.9299324307,1.1522,83.7,3.42,-0.58,78.56,88.52,74.77,4.38,0.7754438461481484,0.0,0.0,0.9267877412031782,0.8502552467385139,1.0,1.0,1.0,0.29341657207718497,1.0,1.0,chinext,tushare_proxy,化工原料,创业板,74.33,23.3,1.0,1.0,63.92,0.9824163357912649,3.0,36.8807072935,29.3969460665,0.8056014057323275,0.5975093897580823,6.6322,,105.8033,16.0819,22.7778,0.1085,878.34395132,4.4251,54.9471,77.9914,23.8179,40.1705,0.3017,20260331
14,2026-06-18,002171,楚江新材,15.38,75.66,watch,0.0,watch_candidate,medium,institutional_score_v6_short_adaptive_tushare,short_elastic_2_8w,短期高弹性 2-8周,defensive,缩量防御,0.2153,0.3031,-0.1004,0.9248,0.4773,市场广度或成交不足，降低追涨权重，提高风控、质量和估值门槛。,82.0,0.22,0.22,0.18,0.15,0.23,,短期高弹性 2-8周；综合评分 75.7；市场风格 缩量防御，市场广度或成交不足，降低追涨权重，提高风控、质量和估值门槛。；20日动量 42.14%；60日动量 38.93%；20日成交 16.30亿；换手 13.1428%；PE_TTM 63.738；ROE 1.5957；门禁扣分 0.0；观察候选,True,3239108.90104,32.3910890104,2.5333,55.7,8.73,-1.0,75.05,64.28,84.95,3.28,0.34745466353599447,0.9284717089595137,0.0,0.7758229284903518,0.6216676120249575,0.904197838090054,0.7010388991012723,0.5591212883539394,0.7412031782065834,1.0,1.0,main,tushare_proxy,铜,主板,36.76,54.78,1.0,1.0,60.36,0.9546228020419739,0.0,16.30285318608,8.22302353586,0.4272566764526117,0.04365834591882257,13.1428,,63.738,2.8025,0.3821,0.5202,249.60784901999997,1.5957,3.4958,6.387,36.0703,59.5994,-1.1803,20260331
15,2026-06-18,300548,长芯博创,281.99,75.65,watch,0.0,watch_candidate,medium,institutional_score_v6_short_adaptive_tushare,short_elastic_2_8w,短期高弹性 2-8周,defensive,缩量防御,0.2153,0.3031,-0.1004,0.9248,0.4773,市场广度或成交不足，降低追涨权重，提高风控、质量和估值门槛。,82.0,0.22,0.22,0.18,0.15,0.23,valuation_expensive_or_invalid,短期高弹性 2-8周；综合评分 75.7；市场风格 缩量防御，市场广度或成交不足，降低追涨权重，提高风控、质量和估值门槛。；20日动量 21.83%；60日动量 92.97%；20日成交 48.85亿；换手 10.0233%；PE_TTM 221.4446；ROE 6.296；门禁扣分 3.0；观察候选,True,7492886.62119,74.9288662119,4.4872,75.1,7.74,-1.33,67.48,83.53,70.04,2.75,0.8966020930854387,0.0,0.0,0.9483541430192962,0.8723766307430516,0.795840427141563,0.5725310354768443,0.7228073660109485,0.09080590238365494,1.0,0.9834854520699915,chinext,tushare_proxy,通信设备,创业板,77.13,31.56,1.0,1.0,63.38,0.9795802609188883,3.0,48.85323911293499,46.95433571781167,0.8989163028276592,0.1332246844426179,10.0233,,221.4446,39.741,31.1812,0.028,830.89650654,6.296,49.2219,44.9994,24.5308,28.3329,0.7768,20260331
16,2026-06-18,600460,士兰微,41.83,75.21,watch,0.0,watch_candidate,medium,institutional_score_v6_short_adaptive_tushare,short_elastic_2_8w,短期高弹性 2-8周,defensive,缩量防御,0.2153,0.3031,-0.1004,0.9248,0.4773,市场广度或成交不足，降低追涨权重，提高风控、质量和估值门槛。,82.0,0.22,0.22,0.18,0.15,0.23,,短期高弹性 2-8周；综合评分 75.2；市场风格 缩量防御，市场广度或成交不足，降低追涨权重，提高风控、质量和估值门槛。；20日动量 35.20%；60日动量 54.13%；20日成交 42.42亿；换手 8.665%；PE_TTM 151.7105；ROE 1.3038；门禁扣分 0.0；观察候选,True,5978511.055,59.78511055,2.4492,63.6,5.31,-0.81,73.86,85.5,71.39,2.81,0.5352120058002415,0.6522409057412746,0.0,0.9404086265607264,0.8553601815087918,0.895863791405615,0.8679039870992948,0.7420424037949606,0.25255391600454025,1.0,1.0,main,tushare_proxy,半导体,主板,46.53,39.11,1.0,1.0,59.96,0.949517867271696,0.0,42.415489953000005,22.640488967333333,0.5994943673202646,0.18905214637203038,8.665,,151.7105,5.707,5.1292,0.0956,696.08123394,1.3038,19.7882,40.5689,17.3123,52.8674,0.0148,20260331
17,2026-06-18,000970,中科三环,14.94,75.13,watch,0.0,watch_candidate,medium,institutional_score_v6_short_adaptive_tushare,short_elastic_2_8w,短期高弹性 2-8周,defensive,缩量防御,0.2153,0.3031,-0.1004,0.9248,0.4773,市场广度或成交不足，降低追涨权重，提高风控、质量和估值门槛。,82.0,0.22,0.22,0.18,0.15,0.23,,短期高弹性 2-8周；综合评分 75.1；市场风格 缩量防御，市场广度或成交不足，降低追涨权重，提高风控、质量和估值门槛。；20日动量 28.57%；60日动量 25.76%；20日成交 9.98亿；换手 11.9135%；PE_TTM 192.7626；ROE 0.1268；门禁扣分 0.0；观察候选,True,2121050.01236,21.2105001236,4.6952,77.6,7.5,-0.49,77.53,57.12,81.16,2.77,0.7142857142857141,0.7018572825024431,0.0,0.6203178206583428,0.5065229722064662,0.858156590683845,0.5760881115259507,0.4182566605435697,0.4250851305334846,1.0,1.0,main,tushare_proxy,矿物制品,主板,40.21,53.02,1.0,1.0,59.91,0.9483834373227453,0.0,9.982618673754999,5.023512279418333,0.5077425927925892,0.05369195061697654,11.9135,,192.7626,2.7793,2.649,0.1657,181.62943452000002,0.1268,12.8401,21.5404,14.7854,24.2964,-0.0046,20260331
18,2026-06-18,600522,中天科技,56.55,75.1,watch,0.0,watch_candidate,medium,institutional_score_v6_short_adaptive_tushare,short_elastic_2_8w,短期高弹性 2-8周,defensive,缩量防御,0.2153,0.3031,-0.1004,0.9248,0.4773,市场广度或成交不足，降低追涨权重，提高风控、质量和估值门槛。,82.0,0.22,0.22,0.18,0.15,0.23,,短期高弹性 2-8周；综合评分 75.1；市场风格 缩量防御，市场广度或成交不足，降低追涨权重，提高风控、质量和估值门槛。；20日动量 34.96%；60日动量 120.04%；20日成交 157.74亿；换手 8.3396%；PE_TTM 60.4334；ROE 2.1842；门禁扣分 0.0；观察候选,True,16052977.965,160.52977965,2.9867,66.5,6.63,-1.42,62.9,90.87,76.23,3.95,0.5415080952073796,0.0,0.0,0.9931895573212258,0.9625638116846285,0.9462177558727517,1.0,1.0,0.3314415437003405,1.0,1.0,main,tushare_proxy,通信设备,主板,51.23,42.08,1.0,1.0,59.9,0.94781622234827,0.0,157.740509874,109.679701823,0.7488266631113367,0.6244564443992315,8.3396,,60.4334,5.0773,3.4535,0.5276,1930.02305535,2.1842,15.5814,46.4204,34.7112,38.5161,-0.5709,20260331
19,2026-06-18,688017,绿的谐波,408.01,74.39,watch,0.0,watch_candidate,medium,institutional_score_v6_short_adaptive_tushare,short_elastic_2_8w,短期高弹性 2-8周,defensive,缩量防御,0.2153,0.3031,-0.1004,0.9248,0.4773,市场广度或成交不足，降低追涨权重，提高风控、质量和估值门槛。,82.0,0.22,0.22,0.18,0.15,0.23,,短期高弹性 2-8周；综合评分 74.4；市场风格 缩量防御，市场广度或成交不足，降低追涨权重，提高风控、质量和估值门槛。；20日动量 21.79%；60日动量 119.34%；20日成交 60.88亿；换手 10.4738%；PE_TTM 546.9768；ROE --；门禁扣分 0.0；观察候选,True,7694417.272,76.94417272,6.9209,84.8,10.01,0.0,64.7,83.19,68.59,4.65,0.8974586526825337,0.0,0.0,0.9653802497162316,0.8655700510493477,0.6978560058343789,1.0,1.0,0.10329171396140746,1.0,0.8312067383871238,star,tushare_proxy,机械基件,科创板,66.31,40.16,0.8,0.94,59.3,0.9393079977311402,0.0,60.88106924399999,33.27892230233333,0.848824865763733,0.053765828586450494,10.4738,,546.9768,20.9594,122.0591,0.0245,748.00514101,,33.618,61.1688,42.9556,9.4431,0.0294,20260331
20,2026-06-18,301536,星宸科技,112.64,74.23,watch,0.0,watch_candidate,medium,institutional_score_v6_short_adaptive_tushare,short_elastic_2_8w,短期高弹性 2-8周,defensive,缩量防御,0.2153,0.3031,-0.1004,0.9248,0.4773,市场广度或成交不足，降低追涨权重，提高风控、质量和估值门槛。,82.0,0.22,0.22,0.18,0.15,0.23,valuation_expensive_or_invalid,短期高弹性 2-8周；综合评分 74.2；市场风格 缩量防御，市场广度或成交不足，降低追涨权重，提高风控、质量和估值门槛。；20日动量 28.53%；60日动量 47.84%；20日成交 9.84亿；换手 6.1553%；PE_TTM 99.5007；ROE 6.5；门禁扣分 3.0；观察候选,True,1291156.93787,12.9115693787,2.3442,73.1,4.52,0.0,84.85,66.45,75.01,3.66,0.7155192618451403,0.7665286544404537,0.0,0.6140749148694665,0.5609756097560976,1.0,0.8351563071516013,0.7820500353181677,0.3087400681044268,1.0,1.0,chinext,tushare_proxy,半导体,创业板,78.53,12.34,1.0,1.0,61.72,0.9722064662507091,3.0,9.836437638765,7.582860671588333,0.6096570248874672,0.24306182196277434,6.1553,,99.5007,14.7344,14.3927,0.2652,475.02003732000003,6.5,46.0536,330.2853,49.347,41.0558,-0.0367,20260331
21,2026-06-18,688559,海目星,77.9,73.46,watch,0.0,watch_candidate,medium,institutional_score_v6_short_adaptive_tushare,short_elastic_2_8w,短期高弹性 2-8周,defensive,缩量防御,0.2153,0.3031,-0.1004,0.9248,0.4773,市场广度或成交不足，降低追涨权重，提高风控、质量和估值门槛。,82.0,0.22,0.22,0.18,0.15,0.23,high_debt_ratio,短期高弹性 2-8周；综合评分 73.5；市场风格 缩量防御，市场广度或成交不足，降低追涨权重，提高风控、质量和估值门槛。；20日动量 16.06%；60日动量 48.38%；20日成交 10.33亿；换手 8.1623%；PE_TTM --；ROE 0.307；门禁扣分 3.0；观察候选,True,1547247.172,15.47247172,6.7123,71.1,9.38,2.33,78.08,63.82,69.59,2.19,0.8787991656734205,0.7567099567099566,0.0,0.6333711691259932,0.5314804310833806,0.7999435282809165,0.6866573024754191,0.6270024183312866,0.30760499432463106,1.0,1.0,star,tushare_proxy,专用机械,科创板,58.31,45.25,1.0,0.938,61.16,0.9614293817356778,3.0,10.3317340755,6.643107594666668,0.6140885400303328,0.0,8.1623,,,7.9696,3.864,,193.004261,0.307,21.858,113.3527,144.3632,83.6926,5.2646,20260331
22,2026-06-18,601958,金钼股份,27.7,73.34,watch,0.0,watch_candidate,medium,institutional_score_v6_short_adaptive_tushare,short_elastic_2_8w,短期高弹性 2-8周,defensive,缩量防御,0.2153,0.3031,-0.1004,0.9248,0.4773,市场广度或成交不足，降低追涨权重，提高风控、质量和估值门槛。,82.0,0.22,0.22,0.18,0.15,0.23,below_min_momentum|weak_close_position,短期高弹性 2-8周；综合评分 73.3；市场风格 缩量防御，市场广度或成交不足，降低追涨权重，提高风控、质量和估值门槛。；20日动量 31.16%；60日动量 46.25%；20日成交 26.79亿；换手 5.99%；PE_TTM 26.4548；ROE 4.5496；门禁扣分 11.0；观察候选,True,5451148.332,54.51148332,-2.7046,20.7,6.78,0.11,73.96,89.08,71.19,1.63,0.6444512694512695,0.7954305462225213,0.0,0.8819523269012486,0.892229154849688,0.7125557489844975,0.7230039905320843,0.6025275693168547,0.17763904653802498,1.0,0.8540759794222398,main,tushare_proxy,小金属,主板,70.29,59.19,1.0,1.0,70.49,1.0,11.0,26.788227265,14.421275246166667,0.6948811397241887,0.9831729159601608,5.99,,26.4548,4.5123,6.0761,1.444,893.7694187999999,4.5496,38.3152,32.9922,26.6677,11.8566,0.0356,20260331
23,2026-06-18,300475,香农芯创,254.87,72.85,watch,0.0,watch_candidate,medium,institutional_score_v6_short_adaptive_tushare,short_elastic_2_8w,短期高弹性 2-8周,defensive,缩量防御,0.2153,0.3031,-0.1004,0.9248,0.4773,市场广度或成交不足，降低追涨权重，提高风控、质量和估值门槛。,82.0,0.22,0.22,0.18,0.15,0.23,high_debt_ratio,短期高弹性 2-8周；综合评分 72.8；市场风格 缩量防御，市场广度或成交不足，降低追涨权重，提高风控、质量和估值门槛。；20日动量 43.39%；60日动量 62.18%；20日成交 73.85亿；换手 12.943%；PE_TTM 64.5035；ROE 30.9158；门禁扣分 3.0；观察候选,True,14727493.7395,147.274937395,3.9056,70.6,5.41,1.92,72.56,79.77,64.21,5.64,0.31387083285817474,0.5057703988661675,0.0,0.9744608399545971,0.921724333522405,1.0,1.0,1.0,0.11464245175936438,1.0,1.0,chinext,tushare_proxy,元器件,创业板,77.54,35.37,1.0,1.0,60.48,0.9574588769143505,3.0,73.84712888523501,69.82436131457833,0.9113590248577957,0.0,12.943,,64.5035,24.6265,2.3415,0.0136,1196.72118566,30.9158,9.1217,7835.0639,200.5964,75.4006,5.6851,20260331
24,2026-06-18,301128,强瑞技术,188.2,71.99,watch,0.0,watch_candidate,medium,institutional_score_v6_short_adaptive_tushare,short_elastic_2_8w,短期高弹性 2-8周,defensive,缩量防御,0.2153,0.3031,-0.1004,0.9248,0.4773,市场广度或成交不足，降低追涨权重，提高风控、质量和估值门槛。,82.0,0.22,0.22,0.18,0.15,0.23,,短期高弹性 2-8周；综合评分 72.0；市场风格 缩量防御，市场广度或成交不足，降低追涨权重，提高风控、质量和估值门槛。；20日动量 42.20%；60日动量 41.93%；20日成交 14.48亿；换手 5.94%；PE_TTM 188.7673；ROE 1.5105；门禁扣分 0.0；观察候选,True,1575341.52669,15.7534152669,6.0282,89.1,8.26,-0.29,62.36,74.6,68.92,2.34,0.34598066143211603,0.8739887563416974,0.0,0.7377979568671964,0.6466250709018718,1.0,0.444014597673557,0.6145899141638878,0.4665153234960272,1.0,0.6628263469760919,chinext,tushare_proxy,专用机械,创业板,52.74,41.58,1.0,1.0,57.51,0.9066931366988088,0.0,14.48043837083,13.955444016443334,0.9275089231262772,0.061731560498031184,5.94,,188.7673,29.0317,13.5044,0.3036,272.54709959999997,1.5105,32.1259,22.8392,62.9248,55.6033,-0.316,20260331
25,2026-06-18,301029,怡合达,32.81,70.84,watch,0.0,watch_candidate,medium,institutional_score_v6_short_adaptive_tushare,short_elastic_2_8w,短期高弹性 2-8周,defensive,缩量防御,0.2153,0.3031,-0.1004,0.9248,0.4773,市场广度或成交不足，降低追涨权重，提高风控、质量和估值门槛。,82.0,0.22,0.22,0.18,0.15,0.23,financial_data_sparse,短期高弹性 2-8周；综合评分 70.8；市场风格 缩量防御，市场广度或成交不足，降低追涨权重，提高风控、质量和估值门槛。；20日动量 9.88%；60日动量 33.97%；20日成交 6.96亿；换手 5.6999%；PE_TTM 40.0684；ROE --；门禁扣分 4.0；观察候选,True,851854.92952,8.5185492952,1.1718,74.1,4.41,0.12,66.36,56.51,85.79,1.87,0.4924648359008716,0.9668725878897252,0.0,0.4727582292849035,0.43505388542257517,0.4986074133386714,0.48528725669581907,0.4231246740080663,0.6929625425652668,1.0,1.0,chinext,tushare_proxy,专用机械,创业板,50.0,53.25,0.0,0.7,59.68,0.9446965399886557,4.0,6.960851661775,4.494362024091667,0.4706497941147234,0.0,5.6999,,40.0684,4.6293,6.7682,1.9689,208.08190586999999,,,,,,,
26,2026-06-18,300607,拓斯达,38.81,69.94,watch,0.0,watch_candidate,medium,institutional_score_v6_short_adaptive_tushare,short_elastic_2_8w,短期高弹性 2-8周,defensive,缩量防御,0.2153,0.3031,-0.1004,0.9248,0.4773,市场广度或成交不足，降低追涨权重，提高风控、质量和估值门槛。,82.0,0.22,0.22,0.18,0.15,0.23,liquidity_buy_gate,短期高弹性 2-8周；综合评分 69.9；市场风格 缩量防御，市场广度或成交不足，降低追涨权重，提高风控、质量和估值门槛。；20日动量 15.03%；60日动量 55.30%；20日成交 12.43亿；换手 13.4173%；PE_TTM 156.7413；ROE 1.2622；门禁扣分 4.0；观察候选,True,1735028.34439,17.3502834439,3.328,72.1,6.39,-0.29,72.71,54.15,81.92,4.16,0.8141671606401891,0.6308705300301933,0.0,0.7009080590238366,0.38570618264322176,0.7333729569093616,0.7045298131065512,0.6260906507263905,0.5845629965947787,1.0,1.0,chinext,tushare_proxy,专用机械,创业板,62.2,35.77,1.0,1.0,58.92,0.9342030629608622,4.0,12.428354643375,8.058134677125,0.4953203436921611,0.0,13.4173,,156.7413,6.3434,6.8924,0.082,185.11302725,1.2622,32.4929,1147.3647,48.5255,49.1642,-0.2312,20260331
27,2026-06-18,688629,华丰科技,158.0,69.48,watch,0.0,watch_candidate,medium,institutional_score_v6_short_adaptive_tushare,short_elastic_2_8w,短期高弹性 2-8周,defensive,缩量防御,0.2153,0.3031,-0.1004,0.9248,0.4773,市场广度或成交不足，降低追涨权重，提高风控、质量和估值门槛。,82.0,0.22,0.22,0.18,0.15,0.23,below_min_momentum|weak_close_position,短期高弹性 2-8周；综合评分 69.5；市场风格 缩量防御，市场广度或成交不足，降低追涨权重，提高风控、质量和估值门槛。；20日动量 17.86%；60日动量 43.71%；20日成交 30.10亿；换手 10.4873%；PE_TTM 171.3102；ROE 5.2017；门禁扣分 11.0；观察候选,True,3024371.897,30.24371897,0.6049,45.9,5.86,-0.86,70.1,75.25,72.37,2.56,0.9911047292257198,0.8415499363289065,0.0,0.9006810442678774,0.6619398752127056,0.5579685058722327,0.5171906932917029,0.5753645000917621,0.2786606129398411,1.0,1.0,star,tushare_proxy,元器件,科创板,78.63,41.64,1.0,1.0,65.59,0.9875212705615428,11.0,30.103794844,30.4149983035,0.7730660962824304,0.9481807604817795,10.4873,,171.3102,38.3897,26.8504,,739.842742,5.2017,30.3411,230.4283,56.1486,51.8627,0.928,20260331
28,2026-06-18,300037,新宙邦,83.29,68.67,watch,0.0,watch_candidate,medium,institutional_score_v6_short_adaptive_tushare,short_elastic_2_8w,短期高弹性 2-8周,defensive,缩量防御,0.2153,0.3031,-0.1004,0.9248,0.4773,市场广度或成交不足，降低追涨权重，提高风控、质量和估值门槛。,82.0,0.22,0.22,0.18,0.15,0.23,below_min_momentum|weak_close_position,短期高弹性 2-8周；综合评分 68.7；市场风格 缩量防御，市场广度或成交不足，降低追涨权重，提高风控、质量和估值门槛。；20日动量 25.19%；60日动量 46.64%；20日成交 31.05亿；换手 8.6957%；PE_TTM 46.5841；ROE 4.2674；门禁扣分 11.0；观察候选,True,3904360.90896,39.043609089600004,-3.1737,50.2,5.86,-0.42,67.64,81.9,70.54,2.29,0.8056312738411038,0.7884122919334186,0.0,0.9063564131668559,0.7776517300056721,0.5506726600526636,0.6179608782602095,0.656065936866039,0.2894438138479001,1.0,0.8866542664496633,chinext,tushare_proxy,化工原料,创业板,71.83,42.8,1.0,1.0,64.61,0.9841179807146909,11.0,31.052329146025,21.924013266841666,0.6347320624260678,0.5927466974476577,8.6957,,46.5841,5.7253,5.7094,0.5966,627.9120058799999,4.2674,24.2804,109.0212,67.8549,46.7276,0.1842,20260331
29,2026-06-18,300304,云意电气,18.28,68.19,watch,0.0,watch_candidate,medium,institutional_score_v6_short_adaptive_tushare,short_elastic_2_8w,短期高弹性 2-8周,defensive,缩量防御,0.2153,0.3031,-0.1004,0.9248,0.4773,市场广度或成交不足，降低追涨权重，提高风控、质量和估值门槛。,82.0,0.22,0.22,0.18,0.15,0.23,financial_data_sparse,短期高弹性 2-8周；综合评分 68.2；市场风格 缩量防御，市场广度或成交不足，降低追涨权重，提高风控、质量和估值门槛。；20日动量 34.81%；60日动量 41.93%；20日成交 6.59亿；换手 5.6913%；PE_TTM 36.5；ROE --；门禁扣分 4.0；观察候选,True,889597.41747,8.8959741747,2.3516,61.1,7.33,-2.07,75.06,55.7,75.27,2.13,0.5457227138643068,0.8740824392998306,0.0,0.4387060158910329,0.44639818491208166,0.9332179179146242,0.8016835446054413,0.6753479287051353,0.3422247446083996,1.0,1.0,chinext,tushare_proxy,汽车配件,创业板,50.0,46.82,0.0,0.7,57.69,0.9086783891094725,4.0,6.593828324175,3.7842650483916667,0.6018001966225859,0.0,5.6913,,36.5,4.7146,6.7903,0.4343,160.52467165000002,,,,,,,
30,2026-06-18,300476,胜宏科技,369.0,66.44,watch,0.0,watch_candidate,low,institutional_score_v6_short_adaptive_tushare,short_elastic_2_8w,短期高弹性 2-8周,defensive,缩量防御,0.2153,0.3031,-0.1004,0.9248,0.4773,市场广度或成交不足，降低追涨权重，提高风控、质量和估值门槛。,82.0,0.22,0.22,0.18,0.15,0.23,valuation_expensive_or_invalid|weak_price_alpha,短期高弹性 2-8周；综合评分 66.4；市场风格 缩量防御，市场广度或成交不足，降低追涨权重，提高风控、质量和估值门槛。；20日动量 11.35%；60日动量 32.39%；20日成交 179.53亿；换手 5.2236%；PE_TTM 77.4926；ROE 7.3907；门禁扣分 8.0；观察候选,True,16582158.4144,165.821584144,2.0182,73.8,3.77,1.74,48.74,97.8,67.36,2.81,0.5841128545564276,0.9158364505018328,0.0,0.9943246311010215,0.9824163357912649,0.2797736361663573,0.40372093061012143,0.4501315399183971,0.3132803632236095,1.0,0.7823241779215823,chinext,tushare_proxy,元器件,创业板,72.4,29.72,1.0,1.0,59.35,0.9398752127056155,8.0,179.528811528025,149.394422199175,0.6846325058246322,0.4047889453455809,5.2236,,77.4926,20.8368,17.6906,0.5405,3626.475912,7.3907,34.4585,39.948,27.9928,55.2339,2.4258,20260331
