ts_code,name,industry,market,list_date,exchange,trade_date,close,pe_ttm,pb,total_mv,dv_ttm,h1_ann_date,h1_end_date,h1_roe,h1_roe_dt,h1_roic,h1_profit_dedt,h1_ocfps,h1_eps,h1_debt_to_assets,h1_grossprofit_margin,h1_netprofit_margin,h1_or_yoy,h1_netprofit_yoy,h1_dt_netprofit_yoy,h1_ocf_to_or,h1_ocf_to_profit,h1_interestdebt,h1_netdebt,h1_current_ratio,h1_rd_exp,fy_ann_date,fy_end_date,fy_roe,fy_roe_dt,fy_roic,fy_profit_dedt,fy_ocfps,fy_eps,fy_debt_to_assets,fy_grossprofit_margin,fy_netprofit_margin,fy_or_yoy,fy_netprofit_yoy,fy_dt_netprofit_yoy,fy_ocf_to_or,fy_ocf_to_profit,fy_interestdebt,fy_netdebt,fy_current_ratio,fy_rd_exp,years,profit_positive_years,cash_positive_years,roe_median,roic_median,cash_conversion_median,gross_margin_std,profit_cagr5,revenue_cagr5,market_cap_yi,financial,quality_score,growth_score,valuation_score,score,eligible_basic,eligible,gate_failures
603444.SH,吉比特,互联网,主板,20170104,SSE,20260918.0,347.71,11.1802,4.1358,2504941.0881,6.5886,20260814.0,20260630.0,18.8728,18.7893,18.2544,1086707855.97,17.6686,15.15,22.6105,93.7078,34.2236,48.0138,69.3142,67.77,0.3415,83.5202,24240639.42,-4875531224.9,3.344,431424748.7,20260327.0,20251231.0,34.4515,33.2571,33.9513,1731480486.48,38.8089,24.9,24.1584,93.9014,34.5847,67.8894,89.8221,97.39,0.4506,111.7417,23811018.59,-4366195841.73,3.0144,887440582.08,5,5,5,29.2439,33.9513,97.3504,3.2535674520439857,13.988842844348536,17.739146833528928,250.49410880999997,False,54.55229177104393,20.572088443603104,15.0,90.12438021464703,True,True,
605499.SH,东鹏饮料,软饮料,主板,20210527,SSE,20260918.0,111.54,16.6879,4.2049,8189259.1037,1.7241,20260731.0,20260630.0,19.842,17.9787,13.1342,2597599384.58,3.395,3.9949,45.472,48.3649,23.0425,15.8933,20.7201,14.41,0.2003,68.6874,6059043393.62,-8415659575.98,1.5761,46043289.72,20260331.0,20251231.0,51.6141,48.9125,28.1759,4184165425.82,11.8732,8.4907,64.7323,44.905,21.1447,31.7979,32.7217,28.26,0.2958,110.2122,7055606161.06,1375567169.39,0.9154,66338402.68,5,5,5,35.2535,26.6463,126.7698,1.1429451399782933,39.05036117623624,33.30803547247649,818.92591037,False,56.100320634920635,22.22991,11.780036111111112,90.11026674603175,True,True,
002517.SZ,恺英网络,互联网,主板,20101207,SZSE,20260918.0,16.61,14.8982,3.3829,3548632.3213,0.5977,20260827.0,20260630.0,14.0087,11.4431,14.7331,1166734977.33,0.6846,0.67,25.7651,76.8728,32.3731,86.0574,50.3442,24.31,0.3049,92.945,153772936.03,-4537898968.89,2.674,218657675.44,20260429.0,20251231.0,23.1442,22.4041,22.202,1842747267.75,1.0591,0.89,24.2735,80.8401,35.7225,4.0402,16.8965,15.21,0.4249,114.2283,178525389.25,-4057417874.41,2.4952,595108685.97,5,5,5,24.2705,26.4461,104.7205,5.22870908848446,88.61273239122731,28.109020766523397,354.86323213,False,53.51246438272242,24.28875,10.747125,88.54833938272242,True,True,
300628.SZ,亿联网络,通信设备,创业板,20170317,SZSE,20260918.0,41.46,18.2079,5.7041,5252643.6864,4.3413,20260819.0,20260630.0,16.4461,15.59,16.3552,1444899264.04,0.6541,1.2032,9.7295,64.8811,45.5096,26.3958,22.9192,25.04,0.2474,49.2783,6800703.73,-1006126969.24,8.6326,230975968.27,20260422.0,20251231.0,28.4602,26.5424,28.3032,2425361907.9,1.4465,2.0551,12.7878,63.3196,43.1051,7.3264,-1.7844,-0.39,0.3037,64.5581,8807355.11,-878325034.56,6.5781,529947069.39,5,5,5,26.5424,28.3032,82.7457,1.7548385204912726,16.816271964354623,16.978879858735873,525.26436864,False,53.249385714285715,20.552758972087826,14.287133333333333,88.08927801970687,True,True,
000933.SZ,神火股份,铝,主板,19990831,SZSE,20260918.0,26.81,8.761,2.1784,6029580.7964,2.9635,20260728.0,20260630.0,18.3032,18.3183,15.1283,4785311221.37,3.2016,2.16,42.3153,36.1731,24.5155,21.3544,151.0625,138.07,0.2904,92.9299,11673112669.2,636433735.6,0.9702,371239922.81,20260324.0,20251231.0,17.3209,17.6232,12.0498,4075249716.28,3.8876,1.81,42.188,23.3586,11.0655,7.4743,-6.9987,-0.94,0.212,128.8286,8959251482.83,5941951202.33,0.7305,326652097.92,5,5,5,32.4484,12.0498,128.9775,5.8986089658494905,115.78539022523033,16.973332295492447,602.95807964,False,49.38043130110597,23.78933291819698,13.704374999999999,86.87413921930295,True,True,
688617.SH,惠泰医疗,医疗保健,科创板,20210107,SSE,20260918.0,240.0,36.4142,11.0021,3396700.8,0.4097,20260820.0,20260630.0,17.4003,17.1235,16.6776,528771505.05,3.8811,3.82,13.7873,72.9767,34.583,25.7493,26.3802,28.71,0.3599,90.9316,13735677.53,-1334822505.31,4.6724,196698473.19,20260325.0,20251231.0,29.2823,28.2203,27.8906,790875930.28,6.8621,5.82,14.2806,72.8769,31.2601,25.0811,21.9096,23.0,0.3745,102.4563,19402953.04,-1245015132.94,4.624,364801511.35,5,5,5,25.52,26.7655,98.6332,1.2961515112053876,51.915754048281656,40.05863195971033,339.67008,False,55.51902857142857,24.83875,5.753413888888889,86.11119246031745,True,True,
688278.SH,特宝生物,生物制药,科创板,20200117,SSE,20260918.0,51.5,19.467,6.7729,2102175.925,1.1937,20260819.0,20260630.0,14.5429,14.8966,12.6094,488115653.17,0.8245,1.17,30.9501,88.9389,25.9467,21.5772,11.3656,13.16,0.1832,58.9659,801020041.34,-36451560.06,4.7308,213702362.56,20260327.0,20251231.0,34.358,35.3872,33.0886,1062128487.04,1.7869,2.53,21.1258,92.9648,27.9047,31.1807,24.6053,28.44,0.1974,58.3201,207461855.21,-345699411.6,3.8613,423261353.16,5,5,5,35.2856,33.0886,75.2292,2.378536455049619,57.17247899150186,36.01264725887538,210.2175925,False,51.727881382260655,22.895,10.499458333333333,85.122339715594,True,True,
000807.SZ,云铝股份,铝,主板,19980408,SZSE,20260918.0,27.37,8.652,2.4873,9491799.4038,2.5539,20260828.0,20260630.0,21.8929,21.7098,21.3802,7619405780.06,2.4157,2.22,15.8049,31.8381,25.2084,20.3002,177.614,176.51,0.2395,80.2117,2099432237.63,-10486907101.14,4.0131,1220953561.9,20260328.0,20251231.0,20.0643,19.884,20.0877,6000259649.47,2.4315,1.75,19.8367,16.7871,12.2377,10.2708,37.2425,40.91,0.1404,97.4728,2385209155.88,-4383818537.61,2.6443,2109407700.68,5,5,5,19.884,15.5553,116.4099,2.6585660593635816,50.74565156522226,15.17062525902,949.17994038,False,48.6649964930098,23.068250103608,13.192375,84.9256215966178,True,True,
300750.SZ,宁德时代,电气设备,创业板,20180611,SZSE,20260918.0,301.95,16.4375,3.6831,139719345.7275,2.7511,20260725.0,20260630.0,12.0827,10.8906,8.3676,39013300000.0,13.0152,9.51,63.6525,23.9284,16.9837,54.8004,41.9839,43.44,0.2175,108.1777,149029045000.0,-223024230000.0,1.5595,11376545000.0,20260310.0,20251231.0,24.7249,22.0903,15.5561,64507864000.0,29.1906,16.14,61.9393,26.2728,18.1227,17.0406,42.2834,43.37,0.3144,148.8182,119656489000.0,-213856438000.0,1.5977,22146581000.0,5,5,5,22.0903,13.7848,166.2291,2.540485972210829,72.16503279831095,53.13159433263122,13971.934572749999,False,44.61721979678,25.0,13.119430555555557,82.73665035233556,True,True,
000408.SZ,藏格矿业,农药化肥,主板,19960628,SZSE,20260918.0,72.16,19.896,6.5834,11321289.1968,3.4567,20260811.0,20260630.0,21.7587,22.1631,21.4514,3705693238.72,0.6273,2.32,7.7652,66.6895,175.7614,23.0455,102.0926,104.92,0.4766,25.331,232785645.34,-2601794431.18,3.6257,9600805.73,20260314.0,20251231.0,25.5897,26.7778,25.3164,4031206848.14,1.3376,2.46,8.3473,59.2391,107.2835,10.0268,49.3168,58.28,0.5872,49.8142,246062381.41,-1725827804.33,3.4988,21220978.0,5,5,5,26.7778,25.3164,73.4439,13.418672126294764,83.40534640677168,13.445620634023614,1132.1289196799999,False,46.92055714285714,22.378248253609446,13.232875,82.53168039646658,True,True,
600989.SH,宝丰能源,化工原料,主板,20190516,SSE,20260918.0,23.59,11.2623,3.1337,17299396.24,3.5314,20260813.0,20260630.0,18.7805,17.7805,12.4592,9209887019.74,1.6315,1.33,41.8361,43.5632,32.2139,32.3321,70.1374,65.07,0.3962,100.8996,27241000958.87,24601036407.26,0.3895,526810971.92,20260313.0,20251231.0,24.8376,25.2089,15.8976,11519983716.43,2.2979,1.56,46.3244,35.9159,23.6279,45.644,79.0924,69.91,0.3508,123.2829,30073677972.35,28728707413.48,0.2996,961150998.87,5,5,5,20.812,14.783,113.6594,4.524387296861311,18.902265137415284,24.705473433961878,1729.9396239999999,False,45.0525832429164,23.04872484397289,14.41425,82.51555808688929,True,True,
601899.SH,紫金矿业,铜,主板,20080425,SSE,20260918.0,31.41,12.3451,4.1354,83521434.5586,3.2374,20260822.0,20260630.0,20.0148,19.4348,11.7433,38034770076.0,2.0861,1.473,49.5547,37.7472,25.653,15.7817,68.1703,75.89,0.2857,86.9629,165632172587.0,74314311032.0,1.3309,808078064.0,20260321.0,20251231.0,31.8309,31.183,17.5458,50723514740.0,2.8368,1.95,51.5586,27.7273,18.283,14.9648,61.5487,60.05,0.2161,91.8638,164498128198.0,98921390498.0,1.1446,1714881582.0,5,5,5,24.4173,12.8721,100.069,5.281421370994743,51.66013239300005,15.273979867370024,8352.14345586,False,43.890302866284216,22.265931946948008,14.04675,80.20298481323223,True,True,
603259.SH,药明康德,化学制药,主板,20180508,SSE,20260918.0,160.0,22.3994,5.8247,48539153.6,1.3045,20260804.0,20260630.0,13.5915,12.9683,11.4737,10572177317.83,3.2506,3.8,27.8495,53.9095,38.5028,38.935,29.4279,89.39,0.3356,71.6845,15112423897.2,-20613411554.71,2.5403,605013674.54,20260324.0,20251231.0,27.6853,19.1414,23.9198,13240556954.42,5.7656,6.7,22.181,47.6387,42.5312,15.8372,102.6451,32.56,0.3785,71.8893,8420113174.81,-26711196463.66,3.2065,1119452992.76,5,5,5,19.1414,16.5716,99.66,4.4731490510601155,40.889899986642476,22.415236867763166,4853.91536,False,44.94192554056642,25.0,9.986313888888889,79.9282394294553,True,True,
300394.SZ,天孚通信,通信设备,创业板,20150217,SZSE,20260918.0,284.66,133.7092,49.6936,31051424.45,0.3513,20260819.0,20260630.0,20.4905,20.1839,19.7111,1186263481.07,0.9175,1.1057,17.5629,60.8696,42.5898,15.1492,33.9224,36.76,0.3539,72.4997,3648172.96,-2902130695.57,4.3699,194927204.07,20260408.0,20251231.0,42.5335,41.6729,40.8152,1976452906.47,2.4031,2.5958,14.5229,53.9627,39.0763,58.7914,50.1476,50.42,0.3618,79.4326,4469500.67,-2992188142.02,5.3337,266580928.65,5,5,5,24.7407,22.7508,102.9015,2.860176433369102,49.888468108767505,42.672454340714495,3105.142445,False,55.28611661990062,24.02984,0.439125,79.75508161990062,True,True,
603198.SH,迎驾贡酒,白酒,主板,20150528,SSE,20260918.0,37.77,14.9794,2.8514,3021600.0,3.9714,20260826.0,20260630.0,10.9428,10.5568,10.4098,1120726521.95,1.3438,1.45,20.4153,74.0648,34.0882,8.0798,2.7892,2.49,0.3147,69.8445,504873176.21,-208320350.14,4.5239,30341649.74,20260423.0,20251231.0,19.3918,18.6703,18.3988,1911769772.96,1.543,2.48,22.8445,72.5417,33.0533,-18.0431,-23.3125,-25.49,0.2051,46.914,462469215.68,300030238.93,3.859,63987920.3,5,5,5,25.4698,26.3518,72.9102,2.805574405892669,16.630090414676868,11.461743415430469,302.16,False,51.34083028203137,13.083536298868786,14.96425,79.38861658090016,True,True,
600563.SH,法拉电子,元器件,主板,20021210,SSE,20260918.0,124.46,23.2414,4.5951,2800350.0,1.848,20260822.0,20260630.0,9.6027,9.446,9.5378,572637812.03,3.6646,2.59,29.017,33.097,21.0637,10.5786,2.2331,3.06,0.2983,122.9149,20066755.59,-343626428.53,2.2174,100862548.46,20260328.0,20251231.0,21.0659,19.9376,20.847,1128326066.75,5.6562,5.3,30.9092,32.1196,22.3922,11.6352,14.7214,10.21,0.2389,92.9636,13785765.49,-257711230.56,2.2409,186767814.24,5,5,5,22.7588,22.8222,92.9636,4.109930351356335,18.306277951660157,23.020350579168223,280.035,False,50.753673362335064,17.60622894453125,10.478577777777778,78.83848008464409,True,True,
002001.SZ,新和成,化学制药,主板,20040625,SZSE,20260918.0,26.32,11.2795,2.3192,8089245.9144,3.7926,20260820.0,20260630.0,11.851,11.5798,9.7477,3918936563.72,1.1844,1.3,24.9571,44.2188,30.6798,18.2752,11.3065,6.53,0.2773,76.7605,7384799786.82,-73243018.9,2.6895,605728077.64,20260416.0,20251231.0,21.7741,21.6896,17.4486,6737938475.03,2.8624,2.21,27.7275,44.6739,30.5693,2.9698,15.2619,15.59,0.3954,112.0115,8030265308.54,63995177.37,2.6272,1099437900.4,5,5,5,20.1668,15.5823,112.0115,5.094788470290007,14.589591626802845,16.43640847697483,808.92459144,False,46.86472051139087,16.964522711366843,14.74075,78.56999322275772,True,True,
002648.SZ,卫星化学,化工原料,主板,20111228,SZSE,20260918.0,26.61,10.1937,2.356,8963966.2077,1.8756,20260815.0,20260630.0,17.3926,16.9073,11.0833,6052915382.61,2.8585,1.85,51.0336,28.0936,20.2763,30.9168,126.9412,109.0094,0.3135,134.5051,23498664724.84,10868168922.13,1.0522,989844772.8,20260324.0,20251231.0,16.6375,19.7104,10.1489,6291539606.92,2.8519,1.58,51.7374,22.3148,11.5164,0.9191,-12.5357,4.02,0.2085,157.872,24159224747.43,16698728361.6,0.9188,1655948797.32,5,5,5,20.0605,10.6712,150.5666,5.669459758036916,31.737067212913097,33.72699185330394,896.3966207699999,False,41.00207784730536,25.0,12.3445,78.34657784730535,True,True,
601168.SH,西部矿业,铜,主板,20070712,SSE,20260918.0,36.03,14.448,3.8296,8585949.0,0.2775,20260730.0,20260630.0,20.4052,20.6089,12.2351,4210949570.0,3.5037,1.75,53.7217,23.9067,16.1196,24.7433,123.0349,130.0,0.2117,115.6719,26583078733.0,19040513331.0,1.1864,562954490.0,20260326.0,20251231.0,20.5017,20.364,13.7372,3618225029.0,4.2849,1.53,57.501,19.5656,9.9731,23.3104,24.2582,23.0,0.1655,143.5111,25417167087.0,16213676486.0,1.2431,1083332575.0,5,5,5,20.364,12.8551,143.5111,1.073455073582495,25.41471177442036,16.220592565602352,858.5949,False,44.51112679738562,23.48823702624094,10.346875,78.34623882362656,True,True,
601225.SH,陕西煤业,煤炭开采,主板,20140128,SSE,20260918.0,25.2,11.9769,2.4156,24431400.0,3.7619,20260828.0,20260630.0,11.3824,9.8314,10.2603,9736398200.0,2.1183,1.16,40.2639,33.3593,21.9348,1.1693,47.5746,34.8,0.2603,98.1969,27169875508.23,-15985259003.14,1.301,52557261.09,20260425.0,20251231.0,17.881,16.367,17.2334,15345253400.0,3.6379,1.73,41.8429,29.0587,16.8222,-14.101,-25.0227,-27.49,0.223,108.3106,25591437620.42,-6206402933.9,0.9854,665175196.06,5,5,5,25.7125,26.6393,95.8763,5.987131696146326,10.975579882086862,9.389735187990622,2443.14,False,50.35236173752759,12.501939637464044,14.702375,77.55667637499164,True,True,
603129.SH,春风动力,摩托车,主板,20170818,SSE,20260918.0,290.39,25.6431,5.5663,4456987.0292,1.4463,20260818.0,20260630.0,13.7177,13.534,10.699,1050361957.22,14.6373,6.96,65.4493,27.2589,8.3385,35.8243,6.2596,10.44,0.1678,172.9724,2495779760.65,-9812616692.02,1.4874,786225377.9,20260416.0,20251231.0,24.4649,23.0919,20.3582,1581346949.71,25.9951,10.99,59.8487,26.9371,8.7802,31.304,13.8344,9.7,0.2009,212.553,248543961.81,-9328021703.52,1.3696,1219740140.59,5,5,5,20.9827,19.2219,182.1964,4.557919147703259,38.401878205206685,34.26365231391948,445.69870291999996,False,45.27870968301226,22.555,9.442741666666667,77.27645134967892,True,True,
300033.SZ,同花顺,软件服务,创业板,20091225,SZSE,20260918.0,207.2,42.6606,20.326,15594700.8,1.7926,20260822.0,20260630.0,11.0965,10.8876,10.2305,934372528.65,2.9488,1.27,46.3771,88.971,35.9964,48.6819,89.7555,92.89,0.8389,213.2829,0.0,-12448817873.68,1.9394,659089355.77,20260310.0,20251231.0,36.7012,34.9369,35.3835,3051009895.43,7.0205,5.96,40.0495,91.5444,53.1616,44.0,75.7879,72.87,0.626,104.4868,0.0,-14036333777.03,2.2654,1145077195.39,5,5,5,23.4188,22.2868,104.4868,1.1716664640587766,12.977264409800826,16.217647967393734,1559.47008,False,50.855666293183944,19.63978379809376,6.0939499999999995,76.5894000912777,True,True,
603195.SH,公牛集团,家用电器,主板,20200206,SSE,20260918.0,38.0,16.4659,4.5106,6853095.18,5.0124,20260828.0,20260630.0,13.4475,11.8788,12.5756,1900070162.78,1.2394,1.19,29.0496,41.711,25.6737,2.7653,4.4358,3.13,0.2664,85.7509,941577162.18,-3596937162.26,2.9899,286281581.79,20260430.0,20251231.0,24.9245,22.1933,23.6492,3624581661.66,2.6238,2.26,25.4815,43.1361,25.4351,-4.7784,-4.7182,-3.13,0.296,95.6541,800775621.22,-3366543533.14,3.4653,643963783.6,5,5,5,25.0848,24.9007,82.5557,3.154362403402627,10.28332841175974,9.780147457524446,685.309518,False,52.50076635501622,9.397034074772895,14.674244444444444,76.57204487423355,True,True,
603486.SH,科沃斯,家用电器,主板,20180528,SSE,20260918.0,49.93,14.2737,2.8739,2892846.8365,1.8401,20260822.0,20260630.0,12.9801,8.3778,11.3898,805398599.77,0.3566,2.19,48.0167,48.5058,12.0666,19.1844,27.4015,-6.37,0.02,14.3868,1075251494.76,-4561625002.22,1.7801,553772235.08,20260425.0,20251231.0,21.6541,19.9467,17.5312,1619669218.2,5.8501,3.1,48.1237,48.8233,9.2337,15.0973,118.1295,126.14,0.1779,178.5254,1085373564.96,-5442786306.7,1.8083,980519969.24,5,5,5,19.9467,17.5312,95.4404,2.2851767071716806,24.9895921959987,21.35538797723704,289.28468365000003,False,43.290042242424796,20.287299502719584,12.300125,75.87746674514437,True,True,
603699.SH,纽威股份,机械基件,主板,20140117,SSE,20260918.0,44.92,20.5137,7.5512,3482570.7868,3.5846,20260822.0,20260630.0,15.8563,15.5783,11.029,720520701.47,0.6965,0.95,56.1827,38.1218,18.7209,14.4708,15.2024,17.11,0.1386,62.9252,2182451428.07,1144269981.75,1.5048,108886608.51,20260418.0,20251231.0,35.7294,35.2016,26.5827,1577255072.19,2.8276,2.1,55.5993,39.2793,20.8644,24.5279,38.5371,38.32,0.2823,113.5169,1678828282.18,-688329457.06,1.5297,198904583.88,5,5,5,21.2861,15.8435,102.984,4.994925472116675,26.07201507771095,16.41908654778701,348.25707868,False,41.31007111307367,20.850544619114807,13.255483333333334,75.4160990655218,True,True,
002128.SZ,电投能源,煤炭开采,主板,20070418,SZSE,20260918.0,27.66,12.0732,1.6365,8647835.6586,3.3697,20260826.0,20260630.0,11.6266,8.8678,10.1654,4036840904.78,2.842,1.79,33.8201,43.8808,26.8104,19.9605,49.1335,48.19,0.3509,97.6253,19111527526.22,8673626412.61,1.2461,2818039.74,20260415.0,20251231.0,14.887,14.3635,13.6653,5228554069.22,4.1076,2.42,22.7501,36.8341,21.6834,0.857,1.4504,2.57,0.3057,113.1095,7128691742.34,4679184454.67,1.2346,41060641.76,5,5,5,15.9542,13.6653,113.1095,2.178148061312637,21.444266482060925,8.429465393541925,864.7835658600001,False,41.761566798747765,19.226051431676265,14.212125,75.19974323042403,True,True,
688111.SH,金山办公,软件服务,科创板,20191118,SSE,20260918.0,223.61,28.7669,6.882,10375803.6374,0.559,20260820.0,20260630.0,18.0278,17.8114,17.9417,2487375431.21,1.3851,5.44,27.7923,84.8953,75.9854,24.6937,236.9351,241.99,0.194,23.4165,64391524.63,-1323384725.97,3.2268,1151832387.74,20260326.0,20251231.0,15.1718,14.8913,14.8793,1802520201.2,5.4007,3.97,29.2047,85.9476,30.7294,15.7768,11.634,15.82,0.4219,128.4983,36747302.71,-657304481.59,2.8431,2095238620.57,5,5,5,13.5199,14.2261,133.9609,0.7881737708145342,24.11425564895322,21.264509862074288,1037.58036374,False,42.644733333333335,24.71656180766503,7.639438888888889,75.00073402988725,True,True,
600519.SH,贵州茅台,白酒,主板,20010827,SSE,20260918.0,1257.12,19.2979,6.2546,157150258.0992,4.1383,20260815.0,20260630.0,17.9543,17.933,16.3748,44464207646.01,56.5489,35.57,15.1931,89.5552,50.7516,1.4699,-1.9516,-2.04,0.7794,115.1103,25670001536.23,-27848797442.85,5.5895,412059920.01,20260417.0,20251231.0,34.462,34.4507,31.5022,82293107655.25,49.1285,65.66,16.4154,91.1796,50.5279,-1.206,-4.5323,-4.58,0.3644,53.5866,18272094956.12,-33418515990.38,5.09,803132232.31,5,5,5,34.4507,31.5022,64.2119,0.33454249804770925,11.846598237872353,12.208781046306694,15715.025809920002,False,50.6017,9.963403854641829,14.044911111111112,74.61001496575295,True,True,
300866.SZ,安克创新,元器件,创业板,20200824,SZSE,20260918.0,126.99,24.3006,6.4599,7485198.2379,1.331,20260831.0,20260630.0,15.3896,13.0092,12.1301,1438775165.82,1.3473,3.1743,47.5785,49.8227,10.5078,29.0535,45.8576,49.65,0.0435,34.5776,3067255475.71,-736445099.2,2.2372,1869485124.21,20260410.0,20251231.0,26.1231,22.3678,21.4641,2179258144.99,0.8968,4.7715,46.6202,45.0654,8.5769,23.4897,20.3697,15.44,0.0158,16.4317,2937782779.89,-718726535.39,2.3767,2892785453.8,5,5,5,18.1041,19.71,79.1911,3.9527363430919595,24.54581048993294,26.681804244008944,748.51982379,False,39.30863530377481,24.85465935677854,9.59695,73.76024466055335,True,True,
688188.SH,柏楚电子,专用机械,科创板,20190808,SSE,20260918.0,95.37,30.707,6.1008,3867799.9701,1.9412,20260818.0,20260630.0,12.686,11.5006,11.5652,713599470.08,1.25,1.94,5.3175,73.9286,62.0259,15.8383,22.9698,20.2,0.3966,57.3455,15636461.88,-1965650315.67,17.0062,132498999.24,20260410.0,20251231.0,19.2859,17.7985,18.8602,1026744190.15,3.8248,3.86,7.4454,77.6585,51.4943,26.5162,26.0377,25.07,0.503,88.6916,23058771.43,-2110146481.18,12.0311,341329531.46,5,5,5,15.7279,17.2162,91.9134,1.1365244841181357,27.551968640088774,30.921404479451464,386.77999701,False,41.794837535014004,22.94266,8.936055555555555,73.67355309056956,True,True,
300832.SZ,新产业,医疗保健,创业板,20200512,SZSE,20260918.0,48.94,22.397,4.2873,3845307.7338,2.4461,20260814.0,20260630.0,9.5806,9.1038,9.383,824530049.65,1.1469,1.1057,8.1402,70.884,35.852,10.7754,12.5327,13.6,0.3723,90.9046,3302610.53,-1450787722.8,9.1273,234424019.04,20260428.0,20251231.0,18.2858,17.6466,17.9273,1563616709.44,1.9376,2.0621,8.0065,69.2524,35.4017,0.9118,-11.3869,-9.12,0.3326,80.8624,3678791.01,-993758382.51,8.9825,477769272.56,5,5,5,20.657,22.0268,67.9796,1.460738346522059,12.787904278384033,15.831322320128582,384.53077338,False,46.03053109243697,15.529738297134323,11.413847222222222,72.97411661179352,True,True,
603979.SH,金诚信,铜,主板,20150630,SSE,20260918.0,73.33,16.0956,3.7479,4574271.1358,0.9,20260826.0,20260630.0,13.7175,13.6876,9.663,1610621388.7,2.197,2.59,46.1653,39.5736,20.9948,20.9743,45.2991,48.08,0.1794,62.0815,5439304639.86,-389104870.67,2.0862,87725718.24,20260428.0,20251231.0,23.2414,23.0617,16.5988,2320629693.17,7.0175,3.75,49.8329,33.8177,16.2814,39.7445,47.6617,47.79,0.3151,136.1788,5437462660.07,-1343185753.99,2.0183,142474784.48,5,5,5,15.4059,11.5009,113.8543,3.0518540672843457,44.699149762076296,29.172511768913758,457.42711358,False,36.490530610374925,25.0,10.881533333333334,72.37206394370826,True,True,
601958.SH,金钼股份,小金属,主板,20080417,SSE,20260918.0,20.45,18.7801,3.1924,6598405.998,1.956,20260821.0,20260630.0,8.8019,8.9361,8.9771,1767516478.86,0.2942,0.54,11.5226,41.9558,24.4088,13.7857,25.9499,29.07,0.1199,39.971,118030729.45,-6502839962.77,6.3062,203306670.9,20260404.0,20251231.0,17.5742,17.4733,18.0052,3136707972.66,0.5045,0.98,11.5019,41.1292,25.3611,1.9423,5.7745,6.44,0.1177,39.5179,130078058.34,-6447258060.43,7.0153,421881193.32,5,5,5,17.4733,18.0052,92.4065,9.771614274878026,80.1843419178649,12.79576162215832,659.8405998,False,39.587433235063976,20.75919464886333,11.604977777777778,71.95160566170509,True,True,
600233.SH,圆通速递,仓储物流,主板,20000608,SSE,20260918.0,18.33,11.0791,1.6901,6278233.0455,2.0172,20260820.0,20260630.0,8.8227,8.6769,6.8927,3122583100.0,1.1566,0.9276,33.1091,12.0387,8.0957,8.3885,73.4395,76.87,0.1018,101.9831,8344012805.94,808077560.81,1.1076,132302758.61,20260423.0,20251231.0,12.9995,12.6873,10.4455,4218564400.0,2.2936,1.2578,34.8574,9.5154,5.6653,9.0453,7.7266,9.73,0.1043,147.1978,7752657376.13,328955919.55,1.0343,249060276.16,5,5,5,12.7146,11.1456,142.672,1.122049507374786,22.32859927936135,16.61372305749904,627.82330455,False,38.952743790849674,20.468340992395248,12.5215,71.94258478324493,True,True,
688019.SH,安集科技,半导体,科创板,20190722,SSE,20260918.0,234.8,57.054,11.0717,5361810.62,0.1632,20260827.0,20260630.0,12.7007,10.169,10.3165,425764261.57,1.408,2.38,17.161,55.6254,34.8356,33.7207,41.5642,19.35,0.2099,54.2367,525228326.07,-931052925.16,6.7605,246215132.81,20260416.0,20251231.0,25.1496,22.3544,19.708,696553465.49,2.609,4.66,29.9197,56.7237,31.2931,36.4685,46.8486,32.36,0.1756,51.7148,1136644811.43,-484395494.21,6.8085,444701341.42,5,5,5,21.8143,19.708,70.4866,2.7922299126325543,63.92323856839952,42.75580957825875,536.181062,False,47.06039299928252,23.66875,0.8586666666666667,71.58780966594918,True,True,
600415.SH,小商品城,商品城,主板,20020509,SSE,20260918.0,11.82,14.4297,2.9326,6481566.9744,4.2301,20260826.0,20260630.0,8.7867,8.0939,7.6136,1823153382.74,-0.0235,0.36,48.611,29.0444,19.3151,33.3049,17.0476,9.29,-0.0125,-4.8182,3285768122.81,-73728454.4,0.784,71501460.96,20260409.0,20251231.0,19.3482,17.9186,15.361,3892961192.62,1.9201,0.77,48.1399,31.4444,21.1555,26.6237,36.7595,30.5,0.5284,196.6955,3505866290.78,-3310122926.22,1.1392,67614818.39,5,5,5,14.9841,11.2626,122.1174,7.30148838648669,49.73266063478603,39.8454057847693,648.15669744,False,33.816361168343114,22.41125,15.0,71.22761116834312,True,True,
600885.SH,宏发股份,电气设备,主板,19960205,SSE,20260918.0,34.08,27.0566,3.9919,5274201.3744,1.0182,20260730.0,20260630.0,8.946,8.5321,8.7147,1102467072.47,0.0738,0.7469,34.3297,32.6768,13.7491,32.047,19.8924,18.97,0.0104,6.6473,1135042019.01,-1559857431.0,2.199,479431467.13,20260402.0,20251231.0,15.8803,14.8419,14.4143,1642604139.69,1.9182,1.2,31.4741,34.3197,13.597,21.9818,7.7566,8.44,0.1726,110.1748,900769031.6,-2723469013.37,2.4133,913617653.27,5,5,5,16.7965,15.2581,91.4147,1.2561103526362638,18.814525993587104,17.25653811627499,527.42013744,False,40.71321559290383,20.54451356445787,8.593505555555556,69.85123471291725,True,True,
300487.SZ,蓝晓科技,化工原料,创业板,20150702,SZSE,20260918.0,68.78,40.1084,7.6516,3501870.6012,0.5119,20260820.0,20260630.0,9.2264,9.0752,8.295,413628212.9,0.8701,0.83,31.6465,53.2785,30.5718,10.47,-5.4004,-5.2,0.3215,95.0636,512340018.97,-2088697901.1,3.2659,73737221.99,20260423.0,20251231.0,21.6059,21.0344,18.952,873377963.04,1.5473,1.77,33.1803,51.4574,32.4101,9.076,13.956,17.23,0.282,76.1041,506810554.76,-2083941937.58,3.0844,150346856.49,5,5,5,20.3918,19.2257,81.7913,3.2299278247354075,36.88265075871877,24.734178584714385,350.18706012,False,46.04083731308845,18.694000000000003,5.060230555555555,69.79506786864401,True,True,
603345.SH,安井食品,食品,主板,20170222,SSE,20260918.0,79.48,17.5967,1.6729,2648980.1772,3.5904,20260825.0,20260630.0,5.2483,4.8071,4.7017,752977900.06,1.4553,2.48,21.1816,21.2422,8.9442,21.8543,21.6212,24.81,0.0523,44.6937,928099219.49,-3882980202.95,3.4465,42687632.96,20260331.0,20251231.0,9.5569,8.7478,8.8426,1244167232.52,6.9511,4.4,23.4178,21.601,8.4577,7.0469,-8.4585,-8.49,0.1431,128.8781,969215202.0,-4011064714.72,3.0879,92066916.21,5,5,5,11.2284,11.1599,105.0086,0.7693265788987141,17.440404027893774,18.379831601154283,264.89801772,False,34.334517647058824,21.28411192938772,13.910955555555555,69.5295851320021,True,True,
601975.SH,招商南油,水运,主板,20190108,SSE,20260918.0,4.64,13.9808,1.7814,2171679.9408,0.5819,20260828.0,20260630.0,6.8159,6.1429,6.2025,731866492.61,0.2013,0.1735,10.724,29.8499,24.6823,19.3667,42.4147,29.27,0.2848,93.2005,481712600.73,-4561347368.86,5.9926,,20260331.0,20251231.0,11.6777,11.5505,10.2392,1297196943.92,0.4453,0.2744,11.5443,28.867,22.7366,-10.1267,-31.7317,-22.29,0.3581,133.7122,697294764.24,-3867625983.99,5.3063,810849.05,5,5,5,16.8387,15.4152,132.982,6.0215591790664975,6.6198809600307,7.61740576939518,217.16799408,False,44.8284627679854,13.947414214967896,10.727375,69.50325198295329,True,True,
603338.SH,浙江鼎力,工程机械,主板,20150325,SSE,20260918.0,54.14,14.9262,2.3271,2741367.5306,2.1241,20260828.0,20260630.0,8.5352,8.3226,6.9162,964877333.21,0.6229,1.95,35.0482,32.9708,18.2862,24.8589,-5.949,-8.11,0.0583,27.0333,1491231576.35,-3330755084.93,2.3929,135823942.74,20260417.0,20251231.0,17.7149,17.0191,14.842,1824607095.03,2.5921,3.75,34.255,34.2569,22.1465,9.9574,16.6011,11.36,0.1531,58.7388,1007626895.62,-3725702660.77,2.4329,291104355.33,5,5,5,17.6809,15.4533,64.1592,3.575572844594275,23.853494511169913,23.733847965062992,274.13675306,False,36.84577696279151,19.86936824357437,12.655125,69.37027020636589,True,True,
002920.SZ,德赛西威,汽车配件,主板,20171226,SZSE,20260918.0,84.73,20.4258,3.1465,5056765.1989,1.4682,20260814.0,20260630.0,7.9052,7.7827,7.2202,1225358704.68,1.7808,2.1,46.7525,19.0766,8.2,1.7531,1.8066,6.32,0.0713,79.1933,709309466.39,-185268740.53,1.7416,1178030369.04,20260306.0,20251231.0,19.5806,19.2612,17.8297,2413560068.75,4.8317,4.35,47.8555,19.0686,7.5956,17.8836,22.3809,24.05,0.0886,111.9535,1382622277.99,-65460524.52,1.725,2642071414.84,5,5,5,19.2612,17.8297,74.2514,2.3240765204700127,39.18333133350518,36.7853254989583,505.67651989,False,39.91219260421138,18.39062,10.629516666666667,68.93232927087804,True,True,
002756.SZ,永兴材料,小金属,主板,20150515,SZSE,20260918.0,40.93,18.0933,1.6394,2206542.8488,1.6809,20260825.0,20260630.0,7.3372,6.9894,6.877,913420770.34,2.0124,1.81,13.1589,28.0905,19.2983,37.6206,139.2376,179.77,0.2134,90.3259,654776697.99,-4475531062.64,6.1424,196089697.36,20260428.0,20251231.0,5.2839,4.5999,4.3611,575846688.99,0.8783,1.25,11.9688,15.8006,8.7212,-8.0598,-36.6093,-35.59,0.0638,60.0479,552169746.09,-3768920313.37,6.2599,264552974.27,5,5,5,16.8669,18.5367,77.5999,16.07006343039753,26.060141441238937,8.34055266446294,220.65428487999998,False,36.970385154061624,20.336221065785175,11.413725,68.7203312198468,True,True,
000999.SZ,华润三九,中成药,主板,20000309,SZSE,20260918.0,23.6,11.9869,1.7202,3927554.008,4.4068,20260822.0,20260630.0,7.4252,7.0971,4.5516,1596956915.76,1.4558,1.0,29.9225,56.7866,13.3344,1.3737,-7.9589,-5.93,0.1614,96.9702,4508898125.26,1305908930.45,2.019,731470819.34,20260321.0,20251231.0,16.2615,14.8982,11.7203,3134204805.26,3.3127,2.06,34.5765,54.03,13.1823,14.4332,1.577,0.52,0.1745,113.6304,6451466637.92,1788149886.41,1.8254,1737374987.83,5,5,5,14.8982,13.9529,102.0072,3.010218107546362,18.614261755646446,17.960327244586118,392.7554008,False,39.4537716659768,13.924184659641309,15.0,68.37795632561811,True,True,
000893.SZ,亚钾国际,农药化肥,主板,19981224,SZSE,20260918.0,39.77,16.9525,2.5151,3674951.6224,0.2734,20260828.0,20260630.0,9.6527,9.6288,8.6185,1346737505.09,2.0045,1.4779,30.9694,59.916,35.3653,51.5333,57.9274,57.32,0.4847,107.8869,2328571249.27,222338504.47,1.2414,13004762.7,20260428.0,20251231.0,13.1385,14.5788,11.0235,1855939707.87,2.4697,1.8309,33.2434,58.5686,31.3352,50.0858,75.9746,108.11,0.4286,120.0969,2372624947.82,1080118793.69,0.7883,20346241.6,5,5,5,11.9396,11.0235,122.9431,8.653193355519106,232.427114635066,70.83938739050149,367.49516224,False,33.2686935552282,25.0,9.90786111111111,68.17655466633931,True,True,
300012.SZ,华测检测,电器仪表,创业板,20091030,SZSE,20260918.0,14.53,21.9725,3.0208,2445149.3746,1.3734,20260817.0,20260630.0,7.15,6.7057,6.7265,528658889.09,0.26,0.3363,22.0049,49.3832,16.5679,15.8598,20.6307,20.32,0.1276,67.823,453634550.67,-498477541.95,2.4325,284653678.89,20260331.0,20251231.0,13.9365,13.0311,12.9678,950385943.03,0.8149,0.6075,23.8789,48.6179,15.4042,8.8218,10.3515,10.45,0.2071,122.8173,396984107.83,-878498150.4,2.2152,580677902.98,5,5,5,13.4207,14.3871,111.4052,1.0489457168986385,14.672126978144018,13.162685026520581,244.51493746000003,False,39.97896078431373,16.922114643614318,10.167305555555554,67.0683809834836,True,True,
000975.SZ,山金国际,黄金,主板,20000608,SZSE,20260918.0,25.51,18.6497,4.4426,7072717.3974,1.8832,20260820.0,20260630.0,15.6719,15.4689,14.0725,2385173582.42,1.1063,0.8712,27.3259,42.5272,27.737,4.4711,51.4335,49.23,0.3175,85.8054,2127893412.98,-3375899625.5,2.4421,74943864.32,20260306.0,20251231.0,21.303,21.7312,19.1189,3031392852.72,1.6855,1.0705,18.6451,31.8219,19.1136,25.8598,36.7465,37.02,0.2737,108.7267,1414506057.86,-4011782931.04,3.2221,179410980.5,5,5,5,12.5526,11.9658,109.5349,3.552749760115396,21.11337487490419,16.68176063574429,707.27173974,False,36.105812352308824,19.323204214267058,11.542955555555555,66.97197212213143,True,True,
300502.SZ,新易盛,通信设备,创业板,20160303,SZSE,20260918.0,445.0,47.3106,25.5449,62065805.4,0.1605,20260825.0,20260630.0,35.6666,35.5793,35.1333,7510738801.54,1.1593,5.41,33.2378,48.4397,36.1856,100.3392,90.9844,90.92,0.0773,18.6179,23830412.33,-7216240078.06,2.6035,439990921.22,20260424.0,20251231.0,72.6213,72.4337,71.7139,9507308848.08,7.7476,9.61,30.2028,47.8056,38.4564,187.2943,235.8897,235.97,0.31,70.9185,14938869.54,-8140675068.55,2.9749,702143848.24,5,5,5,17.8382,19.9081,70.9185,7.501241911710353,83.36157450914838,65.54662382260523,6206.58054,False,38.91508468286544,25.0,3.020491666666666,66.93557634953211,True,True,
600406.SH,国电南瑞,电气设备,主板,20031016,SSE,20260918.0,22.05,21.0847,3.4009,17710022.421,2.8051,20260827.0,20260630.0,5.8684,5.5869,5.6568,2925285478.78,0.0736,0.38,40.4219,25.3393,11.6985,14.536,4.0816,4.31,0.0213,15.8967,584179133.94,-3879496598.58,2.1002,1741207070.3,20260430.0,20251231.0,16.2539,15.6727,15.5745,7982955643.59,1.5898,1.04,42.7306,25.8371,13.3749,14.5252,8.7873,8.04,0.1928,130.1696,587370367.85,-6735888970.67,1.9816,3813232163.79,5,5,5,15.504,14.7432,121.748,0.4714225461303271,11.479059713977314,11.263624380501103,1771.0022421,False,41.82886704014939,12.874698860673181,12.154219444444443,66.85778534526702,True,True,
002050.SZ,三花智控,家用电器,主板,20050607,SZSE,20260918.0,35.31,37.174,4.5716,14858497.0809,1.1303,20260827.0,20260630.0,6.3628,6.6842,5.5445,2147318645.13,0.594,0.49,36.2173,28.062,12.315,3.9181,-3.1222,6.82,0.1479,102.2202,3953434246.79,-10862094438.85,2.1387,763296231.82,20260324.0,20251231.0,15.9183,15.5086,13.3501,3958316943.01,1.2098,1.03,35.1493,28.777,13.2424,10.9656,31.0963,26.95,0.1642,104.7634,4051968219.69,-10860016881.51,2.1947,1374071324.05,5,5,5,16.7666,13.6678,104.7634,1.2869695050777241,25.51616938178991,20.691758428751726,1485.8497080900001,False,41.105329598506074,18.88612,6.485319444444444,66.47676904295052,True,True,
603596.SH,伯特利,汽车配件,主板,20180427,SSE,20260918.0,28.38,17.8324,3.0955,2547507.5079,0.9047,20260828.0,20260630.0,7.8131,7.0653,5.2474,580089687.17,0.8373,0.71,56.7465,19.4458,10.1179,21.4602,22.8097,13.92,0.1198,103.6278,4101804768.4,930558259.46,1.8243,334471347.26,20260328.0,20251231.0,17.9944,16.7718,14.4173,1220473386.88,1.4294,2.16,51.2915,19.6468,10.9927,20.9074,8.3209,9.63,0.0722,56.5661,2733496208.96,951800344.72,2.244,605496858.76,5,5,5,16.7718,14.4173,75.383,1.7005751900460038,24.522161681838984,31.6162108603401,254.75075079,False,32.85186946778711,22.837091738188477,10.501452777777777,66.19041398375336,True,True,
601058.SH,赛轮轮胎,汽车配件,主板,20110630,SSE,20260918.0,13.85,11.8242,2.0095,4554018.9155,2.3827,20260831.0,20260630.0,9.7561,9.295,6.3575,2057780103.47,0.3141,0.66,52.4558,26.9853,10.9696,13.876,17.9664,12.75,0.0516,40.4605,14675071982.54,9468130461.44,1.1754,590275131.07,20260428.0,20251231.0,17.1311,16.8151,11.9314,3457526730.0,1.2709,1.08,50.06,24.6824,9.8303,15.6908,-13.2962,-13.4,0.1136,99.6237,12056323156.56,7476972912.16,1.1272,1147383219.15,5,5,5,16.8151,11.9314,99.6237,4.540106337631311,18.117581743538413,19.019861222161303,455.40189155,False,34.074423548317505,19.024520646796816,12.978375,66.07731919511431,True,True,
002475.SZ,立讯精密,元器件,主板,20100915,SZSE,20260918.0,54.1,23.5276,4.4987,41874913.6747,0.5496,20260825.0,20260630.0,8.7859,6.6789,3.7465,5961877867.17,-0.3342,1.0774,67.4395,11.7785,4.8857,40.1606,18.037,6.47,-0.014,-25.7688,145351791968.26,73539394524.78,1.1313,6632308400.41,20260415.0,20251231.0,21.5235,18.3715,10.5583,14168855968.15,2.378,2.29,66.0661,11.9119,5.4673,23.6425,24.1972,21.16,0.0521,90.4429,102573880903.17,41414704322.82,1.1107,11518992416.01,5,5,5,18.9795,12.5006,114.103,0.7568957900530295,18.402033810620154,29.148134259908698,4187.49136747,False,37.326569934640524,19.94740081939845,8.791977777777777,66.06594853181674,True,True,
603893.SH,瑞芯微,半导体,主板,20200207,SSE,20260918.0,190.04,58.7894,16.3347,8041420.9744,0.7885,20260818.0,20260630.0,18.4632,18.0432,18.028,839487892.96,1.8924,2.04,25.2736,45.791,29.8634,40.6036,61.7312,62.77,0.2782,84.901,67364872.79,-1139914311.22,3.588,370107372.33,20260415.0,20251231.0,26.234,25.4511,24.7127,1008919084.65,2.539,2.48,21.5286,41.9495,23.624,40.3562,74.8224,87.39,0.2428,95.6448,47370508.65,-1252659171.54,4.1945,683863316.41,5,5,4,16.2986,16.4717,95.6448,2.895299314060639,29.990563023745544,18.760273800722914,804.1420974399999,False,40.276744371289126,24.504109520289166,1.2546472222222216,66.0355011138005,True,True,
300124.SZ,汇川技术,电器仪表,创业板,20100928,SZSE,20260918.0,52.45,29.0552,3.8635,14211337.99,0.9519,20260829.0,20260630.0,7.7906,7.6412,6.6652,2756053764.48,0.7294,1.04,48.0352,29.7417,11.3502,20.3122,-5.3508,3.15,0.08,64.7752,3127768933.32,-2558886526.4,1.4448,2226391212.12,20260428.0,20251231.0,15.9438,15.6297,13.8689,4950505396.54,2.4681,1.87,47.928,28.9546,11.4682,21.7702,17.8395,22.66,0.1481,122.912,3916345607.79,-3116282931.72,1.4387,4255773574.67,5,5,5,18.381,17.502,71.6128,3.3675228799519688,20.943569417096384,31.407342092281333,1421.133799,False,37.34405524951648,20.345692213470844,8.066497222222223,65.75624468520955,True,True,
603067.SH,振华股份,化工原料,主板,20160913,SSE,20260918.0,35.14,39.6662,6.1348,2654916.2556,0.4553,20260828.0,20260630.0,7.653,7.7602,6.1919,312528425.68,-0.1676,0.43,37.56,25.0894,11.0168,28.1464,3.4501,4.83,-0.0451,-36.173,1157366793.22,848848598.55,1.963,85670196.97,20260429.0,20251231.0,19.1415,15.452,14.4929,532007669.76,0.4636,0.93,38.8473,26.92,14.4733,11.5293,39.3675,10.31,0.0726,54.8716,1327603267.89,1058370205.71,1.8984,147338102.67,5,5,5,16.171,13.9793,92.2272,1.164626191960323,30.002463773157096,28.822605422658487,265.49162556,False,38.5230268907563,21.85375,5.087747222222221,65.46452411297852,True,True,
300627.SZ,华测导航,通信设备,创业板,20170321,SZSE,20260918.0,26.41,30.2969,4.8021,2096876.5183,1.6887,20260814.0,20260630.0,7.7779,6.3489,7.5254,271945706.02,0.0655,0.4251,27.278,60.6168,17.519,5.2027,2.049,-9.07,0.0269,14.4528,154343596.63,-828656136.8,3.2087,297895127.62,20260417.0,20251231.0,17.7636,15.6796,16.685,605007542.18,0.8884,0.882,30.5462,60.9757,18.4801,13.7846,17.4866,20.09,0.1889,89.6781,162951991.5,-1086250754.88,2.8969,557996822.09,5,5,5,14.065,15.6873,97.6829,2.3114547079707193,32.10867842218239,21.284667068571327,209.68765183000002,False,39.44877302040346,17.15679,8.711563888888888,65.31712690929234,True,True,
002130.SZ,沃尔核材,电气设备,主板,20070420,SZSE,20260918.0,17.14,20.8195,2.61,2399407.0036,0.9548,20260825.0,20260630.0,7.2235,7.0236,5.7575,551003348.19,0.3373,0.42,38.9922,29.4119,12.7246,17.9411,1.5428,2.46,0.1015,70.477,2340008813.99,-1259115410.4,2.3177,266693185.25,20260401.0,20251231.0,19.0139,18.1736,14.9635,1093317711.57,0.9208,0.92,44.764,31.6531,14.4445,22.0042,34.9616,36.92,0.1373,81.3833,2292245181.45,971429774.84,1.557,446202452.28,5,5,5,14.9286,11.9429,92.1861,0.5124111552259579,25.820908400800292,15.59314298510417,239.94070036,False,35.37964173669468,19.38297719404167,9.900277777777777,64.66289670851413,True,True,
002558.SZ,巨人网络,互联网,主板,20110302,SZSE,20260918.0,24.97,15.202,2.8207,4745703.314,1.3556,20260827.0,20260630.0,13.3112,13.8817,13.6098,2236204413.42,1.0901,1.13,17.0531,95.79,48.8285,182.0797,175.9552,177.23,0.4419,79.0126,654493323.28,-5144394888.93,2.3684,603130072.99,20260427.0,20251231.0,12.4362,15.0798,11.9973,2127472552.49,1.5429,0.94,18.6699,91.0333,35.0349,72.6874,23.1323,31.1,0.5914,150.1869,665228700.1,-5595198364.16,1.9248,842470038.31,5,5,5,11.6584,9.489,88.6439,2.880156404086417,18.481969981173552,17.88229373737471,474.57033140000004,False,30.83855462839837,22.06714788892542,11.649611111111112,64.5553136284349,True,True,
601918.SH,新集能源,煤炭开采,主板,20071219,SSE,20260918.0,10.31,10.977,1.4693,2670848.5958,1.6489,20260822.0,20260630.0,6.9295,6.9555,3.2659,1222016020.77,0.8601,0.47,63.8817,34.5337,16.1099,35.8202,32.271,30.75,0.2823,125.3384,25983313402.46,22681271857.46,0.4474,,20260328.0,20251231.0,13.1383,13.1648,6.6503,2140395015.47,1.1981,0.825,63.5274,40.0206,18.6999,-3.5115,-10.7336,-10.37,0.2527,102.4157,24046801659.43,21568636173.88,0.373,4948326.94,5,5,5,16.4359,10.2289,102.4157,1.5996498241802786,31.514990980586877,8.007183256566485,267.08485958,False,31.940640616246498,20.202873302626593,12.061125,64.20463891887309,True,True,
603993.SH,洛阳钼业,小金属,主板,20121009,SSE,20260918.0,17.51,13.4658,4.1777,37461437.1602,2.1759,20260820.0,20260630.0,18.7382,18.1044,12.6986,15605833000.0,0.7635,0.76,52.158,23.0091,13.6345,42.7839,86.2727,78.89,0.1207,63.4782,48240479141.0,5717638070.61,1.4088,379683239.73,20260328.0,20251231.0,26.5072,26.5965,19.1286,20407254770.72,0.9742,0.95,50.3382,23.9275,11.6252,-2.9785,50.3008,55.56,0.1008,58.9992,40058980219.1,6495024366.65,1.5521,431679424.54,5,5,5,13.2546,8.4987,116.9629,6.453263192525157,79.64936826703115,12.839224750447942,3746.14371602,False,28.944616667136764,22.135689900179177,12.719875,63.800181567315946,True,True,
002028.SZ,思源电气,电气设备,主板,20040805,SZSE,20260918.0,138.0,32.5173,6.5636,10799511.2916,0.5072,20260815.0,20260630.0,9.1634,8.7534,9.0186,1398219558.77,0.2903,1.87,49.2392,30.458,14.3047,27.0491,13.2295,13.12,0.021,12.5918,861848101.9,-2814956272.68,1.6866,668865159.87,20260418.0,20251231.0,22.6037,21.1788,22.0824,2951560243.9,2.8569,4.04,47.0483,30.7748,15.1338,39.3384,53.7353,57.13,0.1037,59.9093,496581870.58,-4433254824.41,1.7464,1300401224.78,5,5,5,14.9343,16.3896,78.6047,1.9734074624871574,28.373711934469025,23.91447576550043,1079.95112916,False,34.13350317460318,22.89,6.741266666666666,63.764769841269846,True,True,
603939.SH,益丰药房,医药商业,主板,20150217,SSE,20260918.0,22.78,15.6725,2.3217,2761830.115,1.7559,20260828.0,20260630.0,8.1154,8.0156,6.5251,951919761.46,1.1989,0.79,49.8245,40.2969,8.8134,3.4821,9.5144,11.06,0.1198,100.4782,4145161943.91,532286459.99,1.6023,11553736.13,20260423.0,20251231.0,15.0133,14.4147,11.4766,1611562235.26,2.7701,1.38,54.908,39.3557,7.494,1.5419,9.8068,7.65,0.1375,136.8715,4404382710.56,1323511271.0,1.4317,63201213.07,5,5,5,14.5842,11.4766,191.5428,0.8349940281223558,16.88500870280796,13.200184800553982,276.1830115,False,37.65840653594771,14.01219670512014,12.045430555555555,63.71603379662341,True,True,
601600.SH,中国铝业,铝,主板,20070430,SSE,20260918.0,9.35,9.1786,1.8981,16039699.478,2.8878,20260828.0,20260630.0,14.8925,14.6142,11.511,11649530000.0,1.5309,0.693,42.7614,26.9405,17.1403,7.7353,67.9069,67.84,0.2094,99.8875,59913730000.0,15627489000.0,1.6244,1854359000.0,20260328.0,20251231.0,17.5885,17.2972,12.7819,12464049000.0,1.9872,0.74,46.0088,18.0281,8.9269,1.6937,2.2544,4.1,0.1414,132.1107,63631500000.0,34393429000.0,1.3573,4225310000.0,5,5,5,12.5987,8.6104,176.7898,3.1324347163189206,99.59969824756992,3.1643068252580564,1603.9699478,False,34.27353026308499,15.812782730103223,13.60975,63.696062993188214,True,True,
603606.SH,东方电缆,电气设备,主板,20141015,SSE,20260918.0,35.88,21.7088,3.4996,2959412.898,1.2971,20260805.0,20260630.0,6.748,6.6838,6.0926,559411246.14,-0.1907,0.69,51.561,19.438,9.7384,30.8481,19.4144,21.03,-0.0271,-23.4835,928711838.96,-1767617963.47,1.5332,178916480.58,20260328.0,20251231.0,16.7904,16.5628,14.7676,1254175191.93,2.8569,1.85,46.6867,22.1055,11.7251,19.2572,26.1122,38.01,0.1812,127.1096,811790158.03,-2235823459.99,1.7101,381141831.39,5,5,5,16.4204,14.5161,96.3144,2.6758484482496385,8.764961602428944,16.502523360181453,295.9412898,False,36.22445242292521,17.284547056849846,10.130530555555556,63.63953003533061,True,True,
002738.SZ,中矿资源,小金属,主板,20141230,SZSE,20260918.0,44.04,21.7074,2.4701,3212211.0996,1.123,20260825.0,20260630.0,8.8246,8.6033,7.1587,1083390023.89,-0.3144,1.5402,36.1834,52.8953,31.978,12.026,1146.8064,14338.69,-0.062,-16.5587,4713278934.71,310316877.59,2.063,130381231.16,20260410.0,20251231.0,3.7569,3.4006,3.3653,414234073.55,2.2201,0.6343,31.3997,25.4538,7.0185,22.0241,-39.5436,-31.26,0.2447,216.7519,3132887902.0,-1898989123.44,2.8911,101603038.13,5,5,5,14.9132,11.7953,94.1553,13.05763774953188,22.205850057986474,38.40725395978302,321.22110996,False,31.168616153127918,22.511072018555673,9.913216666666669,63.592904838350265,True,True,
002262.SZ,恩华药业,化学制药,主板,20080723,SZSE,20260918.0,21.49,19.8344,2.5941,2176875.5386,1.8665,20260818.0,20260630.0,9.006,9.0705,8.9324,745987159.61,0.2761,0.73,12.2975,73.8627,23.0034,6.9143,5.7371,6.65,0.0871,32.8749,72044691.92,-1149951956.8,6.2183,385296448.27,20260418.0,20251231.0,13.7697,13.776,13.4443,1057820598.05,1.0616,1.05,12.9601,72.1272,17.8458,3.7481,-7.5405,-7.5,0.1824,89.9278,67718708.88,-1381886925.63,5.9172,869129856.06,5,5,5,16.6522,16.2249,85.2797,2.215996826486897,8.290614120535933,11.95236682257046,217.68755386,False,41.138713187927486,10.898053247599684,11.258813888888888,63.29558032441606,True,True,
600426.SH,华鲁恒升,农药化肥,主板,20020620,SSE,20260918.0,19.47,13.0602,1.5327,5354139.021,1.9765,20260820.0,20260630.0,6.9192,6.8992,5.6294,2346178462.58,1.2726,1.108,27.4655,24.0998,14.8237,8.8738,49.9791,50.49,0.1569,89.3496,11071747899.48,7900979645.68,1.8274,684372072.3,20260331.0,20251231.0,10.345,10.2604,8.7818,3288381850.72,1.977,1.563,28.5231,19.1553,11.8042,-9.5166,-15.0438,-15.03,0.1355,98.7398,10953097163.37,8867772348.46,1.5411,1258927592.34,5,5,5,13.2708,10.8586,98.7398,7.345457008723147,13.259192898381865,18.652940045840637,535.4139021,False,32.300021022209094,18.47887774581845,12.470625,63.249523768027544,True,True,
601126.SH,四方股份,电气设备,主板,20101231,SSE,20260918.0,41.0,39.3922,7.0788,3415634.15,1.7561,20260827.0,20260630.0,10.5818,10.2918,10.1425,500183420.13,-0.459,0.62,60.4905,32.1058,11.4711,11.4864,8.0041,8.65,-0.0853,-67.0751,0.0,-2180255426.26,1.4824,388755375.62,20260324.0,20251231.0,17.5071,16.8992,16.4729,800184956.03,1.4699,1.0,61.463,30.2236,10.1173,17.8735,15.8447,14.64,0.1495,133.1767,0.0,-3781954632.22,1.4687,731791091.38,5,5,5,15.0647,13.914,133.1767,2.2415888862590307,25.638524635852853,16.22579226678451,341.56341499999996,False,37.327418710793985,19.118846906713806,6.774636111111111,63.2209017286189,True,True,
002709.SZ,天赐材料,化工原料,主板,20140123,SZSE,20260918.0,33.36,17.1952,3.3528,6800641.8312,1.343,20260821.0,20260630.0,15.0042,14.7238,12.8848,2807472781.7,0.1949,1.41,36.2212,33.5497,19.3531,109.2768,967.9121,1096.69,0.027,11.3897,2982413102.53,1160634134.61,1.7797,613903356.69,20260310.0,20251231.0,8.7993,8.7851,7.2953,1359717877.14,0.5813,0.71,33.0176,22.2413,8.0732,33.0045,181.4289,256.32,0.071,73.8858,2920568065.12,1005853505.48,1.7425,846948352.88,5,5,5,14.083,10.5134,76.5863,8.195944401775794,20.81163750344519,32.227877802063645,680.0641831199999,False,27.94658787680796,23.65972400110246,11.190927777777777,62.7972396556882,True,True,
600968.SH,海油发展,石油开采,主板,20190626,SSE,20260918.0,3.95,10.2351,1.3466,4015216.159,3.7215,20260826.0,20260630.0,6.2904,5.8596,5.6468,1740078746.48,-0.2459,0.1838,38.6767,15.5642,8.2974,2.1356,2.1128,-5.1,-0.1083,-110.8286,3744275644.72,326735018.22,1.7164,638234826.9,20260325.0,20251231.0,13.6921,13.8023,12.1335,3915596225.3,0.4995,0.3821,40.9785,16.0854,7.9114,-4.1013,6.2439,2.91,0.1008,99.9596,3827808190.39,-4784336112.04,1.6448,1253011666.46,5,5,5,12.1958,11.7988,113.9349,1.395051362136893,24.60431731743342,8.68589143596279,401.5216159,False,35.24559878618114,12.387358115963812,14.651875,62.28483190214496,True,True,
300308.SZ,中际旭创,通信设备,创业板,20120410,SZSE,20260918.0,926.43,53.3533,27.3777,109125082.8712,0.1508,20260822.0,20260630.0,39.2137,37.6064,36.9222,13091597476.79,1.6137,12.31,36.0816,46.2522,35.2661,182.4914,241.696,229.32,0.0431,10.4442,1877766505.4,-4519366727.94,2.5581,1234050709.33,20260331.0,20251231.0,44.1614,43.8048,40.5978,10710053246.51,9.8064,9.8,30.179,42.0356,30.2818,60.2535,108.7844,111.31,0.2849,80.1367,1670323950.68,-9316569181.28,2.6893,1675931098.18,5,5,5,16.2074,14.4572,80.1367,6.138232566301151,69.5501178257715,40.23959415061373,10912.50828712,False,34.89937411384889,25.0,1.6655444444444454,61.564918558293336,True,True,
002518.SZ,科士达,电气设备,主板,20101207,SZSE,20260918.0,39.31,35.4492,4.6947,2288726.8681,1.1447,20260828.0,20260630.0,5.9801,5.53,5.3669,268261370.84,0.3042,0.5,39.0071,29.4245,11.3179,19.8128,13.6077,13.39,0.0684,52.4783,293238881.17,-130505912.74,1.8082,143596581.59,20260427.0,20251231.0,13.3154,12.5775,11.7076,577036627.57,1.5655,1.05,37.4833,28.9842,11.6807,26.7201,54.9673,67.51,0.1729,125.4426,186677128.96,-316973671.55,1.8355,294213568.04,5,5,5,12.5775,12.2693,107.4959,1.6407694850282908,17.44258584976137,16.818578636808446,228.87268681,False,35.015044911297856,19.195368926647014,6.886608333333335,61.097022171278205,True,True,
601872.SH,招商轮船,水运,主板,20061201,SSE,20260918.0,22.36,16.6448,3.8547,18054668.086,1.4311,20260831.0,20260630.0,15.4925,15.3764,10.0123,6907325735.56,1.0069,0.86,47.5277,44.9779,35.7127,56.1525,227.5725,262.36,0.4137,99.6084,28517904261.07,20630066434.44,0.684,1210947.79,20260327.0,20251231.0,14.4784,12.0989,10.1644,5024011136.9,1.1214,0.74,46.6762,26.4742,21.5448,9.217,17.7123,0.18,0.3214,132.9909,28397929191.51,23677014528.41,0.4717,81661478.32,5,5,5,13.037,9.961,142.3336,3.8978338775530177,12.658738794401447,5.4501098358054945,1805.4668086,False,34.152025068359436,15.230840348530661,11.42336388888889,60.806229305778984,True,True,
000429.SZ,粤高速A,路桥,主板,19980220,SZSE,20260918.0,12.64,16.5763,2.4979,2642778.9104,4.7785,20260825.0,20260630.0,7.8367,7.8069,4.7059,846888853.21,0.8172,0.41,50.489,67.8745,55.2336,0.0468,-19.5831,5.99,0.8063,113.3354,10998915630.95,4171921778.08,2.7703,,20260314.0,20251231.0,16.6913,14.1122,11.1301,1523003689.21,1.7025,0.86,46.983,64.5137,55.6782,-2.1918,15.3135,-7.39,0.7964,112.429,10589340691.0,4043960748.89,5.7572,16293149.98,5,5,5,16.1903,11.1301,117.3145,1.0640368922175596,16.660637340977623,3.35240521048501,264.27789104,False,37.35705499533147,8.680476033306842,14.649711111111111,60.68724213974942,True,True,
002222.SZ,福晶科技,元器件,主板,20080319,SZSE,20260918.0,69.7,99.0012,17.2796,3277642.5,0.2869,20260828.0,20260630.0,9.8728,9.0007,8.4722,164687358.59,0.6115,0.3841,35.1519,49.4196,28.5019,39.462,40.9656,37.42,0.3972,120.388,676350916.86,269420807.16,3.5795,54503502.33,20260429.0,20251231.0,16.6833,15.7044,15.7845,262229434.59,0.7464,0.5924,21.4175,51.182,27.2858,32.2094,27.3249,21.67,0.3032,101.7659,260574790.57,-72824354.6,5.2203,106239759.83,5,5,5,15.7044,15.7845,93.6045,2.5037030768443764,14.987966216546278,16.20211935030533,327.76425,False,39.59462843411513,20.276996929416942,0.35862499999999997,60.23025036353208,True,True,
688300.SH,联瑞新材,矿物制品,科创板,20191115,SSE,20260918.0,176.8,140.89,24.6334,4269175.456,0.2828,20260815.0,20260630.0,8.5355,7.6297,6.9234,133202881.71,0.2407,0.62,39.7408,38.0442,23.6771,21.2056,7.4795,4.42,0.0923,34.2686,758644334.82,464643325.08,4.8822,32598038.45,20260422.0,20251231.0,18.2149,16.4454,16.5835,264214795.06,1.058,1.21,24.5462,40.6599,26.2343,16.1547,16.4179,16.44,0.229,76.1541,168525257.45,36162558.34,3.411,64165904.08,5,5,5,15.1256,16.1753,89.2758,1.329320777690622,23.447441365025455,22.510754229701323,426.91754560000004,False,37.85089374416433,21.305681236808145,0.3535,59.510074980972476,True,True,
688099.SH,晶晨股份,半导体,科创板,20190808,SSE,20260918.0,88.5,37.9494,4.699,3746382.0,0.2241,20260820.0,20260630.0,7.9744,7.3128,7.4653,560120539.85,-1.1862,1.45,16.546,38.7258,13.9378,31.8597,23.0021,22.56,-0.1143,-83.9354,58616026.39,-1930339645.04,4.8421,913595044.6,20260331.0,20251231.0,12.7069,11.1343,11.2932,764938937.08,-0.5455,2.08,14.6708,37.9686,12.8137,14.6283,6.2126,2.5,-0.0338,-25.272,45631779.58,-2547037699.43,5.5623,1551794820.87,5,5,4,12.6011,11.8119,73.6206,1.4838943988707538,55.179896696224404,19.92799094545914,374.6382,False,30.233458823529414,24.041196378183656,5.1802583333333345,59.45491353504641,True,True,
002916.SZ,深南电路,元器件,主板,20171213,SZSE,20260918.0,384.5,62.8503,14.5261,26190855.77,0.6242,20260827.0,20260630.0,12.7998,12.7299,9.8277,2239172474.35,2.2048,3.32,55.6651,31.0149,14.7383,46.3283,65.5463,76.94,0.0982,59.0251,8022897572.57,5820658104.37,1.2007,858551949.19,20260313.0,20251231.0,20.6239,19.6032,17.2399,3113627500.81,5.7569,4.91,43.8231,28.3163,13.8644,32.0511,74.4673,78.96,0.1623,105.5919,3557910474.95,2559461958.37,1.3621,1591409462.06,5,5,5,14.4307,13.246,147.0341,1.954830843577008,19.195574175283948,15.30816123880243,2619.085577,False,37.359507189542484,21.265848231611834,0.78025,59.40560542115432,True,True,
002078.SZ,太阳纸业,造纸,主板,20061116,SZSE,20260918.0,14.09,11.7539,1.2754,4021546.8059,2.0847,20260826.0,20260630.0,6.29,6.2372,4.2144,1934540031.42,1.2044,0.7,47.8532,15.6636,9.3855,9.1487,9.5967,9.7,0.1613,152.0845,21306664402.59,18819120163.72,0.7413,249757839.92,20260411.0,20251231.0,10.9974,10.7981,7.65,3191699049.08,1.7735,1.16,47.7512,15.5854,8.288,-3.7689,4.8161,-1.33,0.1265,129.2156,19967262635.32,17770171885.46,0.7251,545530182.67,5,5,5,12.3194,8.8783,145.0139,0.8307558865274441,10.661864570464852,12.552052670222459,402.15468059,False,33.69980261437908,12.724857730637735,12.605875000000001,59.030535345016816,True,True,
002472.SZ,双环传动,汽车配件,主板,20100910,SZSE,20260918.0,36.23,24.2288,2.9633,3079541.6671,1.2694,20260826.0,20260630.0,5.7487,5.235,4.2976,534229762.16,1.3078,0.69,46.286,26.7659,13.6408,7.7996,1.6471,-3.76,0.2438,156.7893,4549473708.59,1870297715.39,1.1443,238589635.25,20260424.0,20251231.0,13.3973,12.7903,10.3559,1204359958.18,2.814,1.5,43.9843,27.3362,14.544,3.7668,23.2058,20.32,0.2624,158.8141,4001289313.05,1510822583.19,1.1479,490511600.35,5,5,5,10.4886,8.5899,166.449,3.1285434059638684,208.64300212932304,19.985491544123903,307.95416671000004,False,30.99658063271049,18.334116617649563,9.535905555555557,58.86660280591561,True,True,
300073.SZ,当升科技,电气设备,创业板,20100427,SZSE,20260918.0,38.91,25.1649,1.4071,2117846.7867,0.7273,20260826.0,20260630.0,3.4993,3.1144,3.1765,463178615.6,0.1579,0.9561,42.4823,13.2503,5.5049,136.3293,67.2524,84.36,0.0082,12.5646,1447828578.85,-4335029268.48,1.8693,439796526.69,20260331.0,20251231.0,4.5394,3.5917,3.5995,500323602.29,2.112,1.2108,31.1445,12.7326,6.1216,36.6272,34.0163,83.48,0.1108,164.2133,494461608.02,-6003241076.47,2.5531,485606421.03,5,5,5,12.4281,14.1218,61.3737,2.945793186393098,15.486194181605928,26.652930756851866,211.78467867,False,28.122007082967436,21.955582138113897,8.650258333333333,58.727847554414666,True,True,
603659.SH,璞泰来,化工原料,主板,20171103,SSE,20260918.0,22.27,17.3287,2.2309,4775098.2134,1.0133,20260820.0,20260630.0,6.9406,6.272,4.9798,1312020757.92,,0.69,58.1417,26.3161,15.9269,42.7046,37.5757,32.25,,,13231376820.72,4557902499.09,1.2373,503144155.12,20260306.0,20251231.0,12.1536,11.4327,8.6243,2219130562.39,1.2625,1.12,52.9254,31.7247,16.5776,16.8262,98.1369,108.74,0.1717,90.9241,9821696483.15,3838374318.04,1.3425,888241316.86,5,5,5,11.4327,8.7819,84.721,3.374593009090133,28.8969363339302,24.3668033304234,477.50982134,False,22.978476941680945,25.0,10.74913611111111,58.72761305279205,True,True,
002683.SZ,广东宏大,化工原料,主板,20120612,SZSE,20260918.0,28.11,21.9427,3.0158,2136037.0161,2.292,20260825.0,20260630.0,7.3759,7.0516,3.6702,497340542.34,-1.2012,0.6904,57.082,21.6404,8.4242,10.7881,3.2303,3.28,-0.09,-87.0436,11258762950.24,8113907095.78,1.5329,349250382.0,20260327.0,20251231.0,14.1633,13.8831,9.2958,938243850.28,2.9947,1.2701,55.4365,20.8815,8.2191,49.2035,6.6184,10.99,0.1117,112.9021,9835017242.65,6033903255.29,1.5236,695958881.36,5,5,5,10.8109,9.1392,124.1463,0.899055417090626,19.254839055649352,25.932436217279474,213.60370161,False,29.21194276377218,17.979168497807795,11.322177777777778,58.51328903935776,True,True,
688385.SH,复旦微电,半导体,科创板,20210804,SSE,20260918.0,59.59,55.284,7.0279,4908543.3087,0.0973,20260818.0,20260630.0,12.9452,6.278,9.9301,411810400.0,0.9349,1.03,23.6523,56.988,37.894,21.0263,338.5805,125.88,0.3461,86.2814,1297601448.01,-252327578.71,4.25,588674766.63,20260328.0,20251231.0,3.863,2.3689,2.7091,142477500.0,0.9546,0.28,26.6259,56.1855,5.0642,10.9196,-59.4238,-69.3,0.1969,384.3612,1520535105.65,221913395.63,4.0205,1070460200.81,5,5,4,11.6429,11.9551,105.0307,3.6590134492783695,29.00317724807804,18.686808364534137,490.85433087,False,32.65190510960718,24.474723345813654,1.1696250000000001,58.29625345542083,True,True,
600089.SH,特变电工,电气设备,主板,19970618,SSE,20260918.0,18.13,17.2105,1.2928,9160712.9838,1.9729,20260822.0,20260630.0,3.4042,3.5657,2.2018,2673420300.0,1.2309,0.5084,56.9358,18.9004,5.3076,16.9664,-19.8361,-4.09,0.11,154.7971,57015186940.81,24193350599.85,1.211,916161841.09,20260416.0,20251231.0,8.3963,6.422,4.8839,4554249500.0,1.8466,1.161,55.6002,18.8024,6.1722,-0.6087,43.6873,15.64,0.096,114.359,49933198293.85,24245658452.66,1.1456,1750939073.87,5,5,5,14.2525,12.2858,114.359,8.525493032370619,19.92234191779263,14.007133789547455,916.0712983799999,False,29.914487302947634,16.110032929512624,11.974902777777778,57.99942301023804,True,True,
000963.SZ,华东医药,化学制药,主板,20000127,SZSE,20260918.0,26.1,13.228,1.7991,4577253.309,3.5632,20260827.0,20260630.0,7.4056,7.3928,6.6634,1857546440.75,1.4252,1.061,35.5101,32.7993,8.3379,1.8072,2.5308,5.44,0.1133,110.6929,2154319928.75,-3451040539.64,1.6094,747087944.12,20260424.0,20251231.0,14.2646,13.8348,12.7812,3311448470.6,2.4205,1.9484,35.5218,32.3593,7.8209,4.0718,-2.7838,-1.2,0.0973,103.3524,2071623615.07,-2906428573.77,1.6216,2720190773.12,5,5,5,13.8348,12.8108,103.3524,0.9259816585656548,6.3875661083790725,5.3025520782091995,457.7253309,False,37.04040392156863,6.456481985964983,14.454,57.95088590753362,True,True,
300759.SZ,康龙化成,化学制药,创业板,20190128,SZSE,20260918.0,43.3,46.4498,4.8661,7955437.988,0.4619,20260821.0,20260630.0,4.7763,4.413,3.2953,693133811.4,0.5904,0.4138,41.0951,32.7097,9.3702,17.924,6.9573,8.87,0.1428,116.3313,6953802697.28,5377677481.3,1.0169,314048401.57,20260331.0,20251231.0,11.6018,10.7262,7.8177,1538328956.14,1.8114,0.9443,41.9109,34.8322,11.0335,14.8203,-7.2184,38.85,0.2285,167.0258,7040414863.8,6022932804.11,0.93,576019593.76,5,5,5,13.104,8.5891,126.802,0.9735265055456894,13.950967220314814,22.385274019643763,795.5437988,False,35.47500429505135,18.407859510500742,3.588530555555555,57.47139436110765,True,True,
600362.SH,江西铜业,铜,主板,20020111,SSE,20260918.0,44.03,13.1577,1.7398,15246397.5482,2.2598,20260826.0,20260630.0,10.2206,8.947,4.75,7556196885.0,1.6791,2.5,65.4756,5.8236,3.0932,19.5347,106.7727,73.73,0.0189,46.8323,140437524321.0,56548256773.0,1.1984,,20260327.0,20251231.0,8.9563,11.4909,4.8406,9147946480.0,-1.9967,2.07,56.9527,4.3952,1.3712,5.4228,2.4129,11.3,-0.0127,-66.4299,75363438824.0,40819303063.0,1.2565,5730120190.0,5,5,4,10.939,5.3606,121.5594,0.6984493983102856,26.950494442662333,11.507306493710189,1524.63975482,False,22.942113725490195,21.509862597484076,12.82475,57.27672632297428,True,True,
688127.SH,蓝特光学,元器件,科创板,20200921,SSE,20260918.0,70.49,51.3192,11.9815,2861172.8873,0.4256,20260821.0,20260630.0,11.8884,11.6554,11.2627,266735956.99,0.9639,0.67,27.6701,44.1381,26.9226,75.5008,163.214,171.98,0.3864,126.5152,113459225.81,-107959608.23,1.5665,76698622.8,20260317.0,20251231.0,19.3906,18.9181,18.7802,379346662.39,1.4243,0.96,25.2571,43.076,25.4615,48.5204,76.3116,76.16,0.3764,130.9297,125909258.1,-135896103.84,1.8388,122770403.41,5,5,5,10.2981,10.3649,110.11,4.708418164628117,18.84711189783921,28.46933837493937,286.11728873,False,31.746057134502383,23.031075807308547,2.4610666666666665,57.2381996084776,True,True,
601138.SH,工业富联,通信设备,主板,20180608,SSE,20260918.0,62.71,26.5264,7.0805,124442302.8133,1.5629,20260812.0,20260630.0,13.8618,13.4202,8.8827,22984123000.0,0.3725,1.2,65.6562,7.1507,4.2572,54.635,95.9858,96.99,0.0132,26.5805,107923358000.0,7517740000.0,1.3941,4998089000.0,20260311.0,20251231.0,22.0901,21.4031,15.563,34188196000.0,0.2638,1.78,63.3701,6.976,3.9129,48.2244,51.985,46.02,0.0058,12.7609,110184402000.0,159878000.0,1.4364,11151076000.0,5,5,5,15.9888,11.5482,70.2514,0.5731477776280738,15.845625747034564,15.897215399026887,12444.23028133,False,27.304940616246498,20.429486398661815,9.392202777777777,57.12662979268609,True,True,
300476.SZ,胜宏科技,元器件,创业板,20150611,SZSE,20260918.0,227.05,44.4005,5.8862,22314128.884,0.8784,20260828.0,20260630.0,10.4784,8.8683,8.1836,2417800485.07,2.9622,3.14,39.8545,33.2213,24.5652,28.7736,33.3,12.5,0.2503,86.9726,10370624291.67,4298369665.59,1.9422,359165219.16,20260313.0,20251231.0,33.7592,33.6956,24.304,4303867824.0,5.2883,5.01,52.8505,35.2235,22.3508,79.7733,273.5163,277.07,0.2386,91.0209,6445696181.7,3166049526.03,0.9626,777643427.06,5,5,5,12.3284,9.5351,107.2399,6.78796745167506,53.80836371652242,28.0694091199579,2231.4128884,False,29.68182389078899,22.8125,4.564555555555555,57.05887944634455,True,True,
688200.SH,华峰测控,半导体,科创板,20200218,SSE,20260918.0,407.93,108.4435,11.2648,8204182.0982,0.1965,20260831.0,20260630.0,7.2978,4.263,6.5296,243138836.86,0.5332,2.08,18.5067,74.7037,56.1453,38.1714,112.5957,39.06,0.1448,23.4298,711471407.37,-1859445097.01,13.0135,189235287.89,20260429.0,20251231.0,14.0176,12.8655,12.8904,492036518.29,2.2445,3.96,9.162,73.794,39.8167,48.7179,60.5487,44.7,0.2259,52.164,23399925.42,-2043026278.12,11.1726,265716727.95,5,5,5,12.8655,12.8904,66.122,3.1967878382839214,27.17287001956383,27.63552150561257,820.41820982,False,31.11096334336947,25.0,0.245625,56.35658834336947,True,True,
002126.SZ,银轮股份,汽车配件,主板,20070418,SZSE,20260918.0,39.37,34.431,4.4696,3333935.0644,0.3011,20260827.0,20260630.0,6.0752,6.0057,4.3369,447161193.06,0.4217,0.54,61.5042,18.1391,5.7216,25.9319,2.5046,5.33,0.0396,57.8618,4030645154.65,1142187147.91,1.13,286466806.62,20260415.0,20251231.0,14.1087,13.235,10.171,897963351.64,1.6611,1.15,62.0416,19.2332,6.9278,23.4267,22.1714,31.51,0.0896,110.7315,3769518706.59,1214494425.61,1.1624,607704342.04,5,5,5,11.4592,8.896,114.4989,0.8610058942887675,28.093795719742133,19.91010601099743,333.39350644,False,27.451604201680674,21.880292404398972,6.058375000000001,55.390271606079644,True,True,
000603.SZ,盛达资源,铅锌,主板,19960823,SZSE,20260918.0,34.76,28.1356,6.3854,2398333.6344,0.3452,20260801.0,20260630.0,10.7595,10.5486,7.3724,382414713.94,0.8303,0.5653,48.3649,69.1464,37.5686,27.0844,456.4619,417.06,0.4975,104.5877,2620752742.07,1639891284.3,0.7708,3247593.09,20260429.0,20251231.0,16.2886,16.6185,12.6222,543240165.94,1.2583,0.77,44.468,57.6083,25.3708,22.2647,36.5146,108.72,0.3527,103.7114,1816373381.29,1069121071.53,0.7732,9296699.93,5,5,5,12.8485,12.6222,115.7667,12.998149872308751,17.832802651393752,8.489299102663072,239.83336344,False,29.671166853408028,18.10221648951123,7.512477777777777,55.285861120697035,True,True,
002444.SZ,巨星科技,轻工机械,主板,20100713,SZSE,20260918.0,27.97,13.1453,1.7352,3340955.5254,2.3239,20260827.0,20260630.0,6.8545,6.7033,5.8227,1275914147.31,0.7541,1.0923,24.6078,33.3191,17.1758,9.2082,2.501,1.72,0.1174,58.5691,3144746198.34,-2404098112.02,2.2915,208878946.45,20260429.0,20251231.0,14.2528,13.2077,12.2817,2325689259.78,1.9339,2.1011,18.9706,32.7192,17.5012,-0.873,8.9465,0.94,0.1575,77.3664,1598423344.14,-3687118718.85,2.9808,403064547.61,5,5,5,12.1236,9.936,77.3664,3.5339773510875823,13.517890809534649,11.410813943810494,334.09555254,False,29.66413922559827,12.196690636575285,12.904875,54.76570486217355,True,True,
002831.SZ,裕同科技,广告包装,主板,20161216,SZSE,20260918.0,28.12,22.6618,3.1806,3622787.0532,3.1035,20260827.0,20260630.0,4.8903,4.6885,3.3342,551184161.68,1.2055,0.45,47.7159,25.0054,7.1718,0.2275,1.1038,-1.5,0.1891,213.2576,5876619021.73,3717672015.73,1.3286,387764554.45,20260428.0,20251231.0,13.4919,12.9245,9.2543,1525396884.71,2.9735,1.75,45.1703,25.5133,9.1666,0.4727,13.0485,0.75,0.1588,141.0567,5401555209.45,3259094197.4,1.4858,737195167.26,5,5,5,13.4374,9.2148,141.0567,1.8267815953200321,9.147123552664095,7.759968841585629,362.27870532,False,35.26994117647059,7.139067073486761,12.176752777777777,54.58576102773513,True,True,
601298.SH,青岛港,港口,主板,20190121,SSE,20260918.0,9.65,12.0646,1.3271,6263911.5,3.5793,20260829.0,20260630.0,5.9462,5.9098,5.5015,2745485329.0,0.5076,0.43,26.9155,41.2765,29.094,10.8411,-2.798,2.07,0.3151,83.6422,4638764585.0,-10714495835.0,1.9341,87344064.0,20260328.0,20251231.0,11.9534,11.4391,10.9967,5044691737.0,0.8548,0.81,24.726,36.6606,30.4342,-0.711,0.6993,-0.64,0.295,78.0305,3989410632.0,-10496995326.0,2.2961,244992130.0,5,5,5,11.9799,11.7983,78.0305,2.3587029348775577,6.319097084472447,6.40332624703106,626.39115,False,31.56603167410489,8.260411565843608,14.474125,54.300568239948504,True,True,
600483.SH,福能股份,新型电力,主板,20040531,SSE,20260918.0,11.01,10.3806,1.1102,3060941.4066,3.2062,20260822.0,20260630.0,4.8123,4.733,3.3313,1306348538.36,0.6035,0.48,40.9451,27.8512,25.9795,2.9582,-0.634,-0.79,0.2559,84.7252,20356850434.87,11141246790.59,2.7446,54091298.09,20260423.0,20251231.0,11.2245,11.1561,7.5221,2939174478.99,1.8378,1.06,41.8152,28.74,26.5345,-5.5798,5.8693,6.58,0.3716,115.9648,21676516368.24,10642521386.36,3.1184,120999140.62,5,5,5,11.6862,8.1487,115.9648,4.364200479698429,15.002163947686675,7.4072351270860315,306.09414066,False,30.52094090000174,9.50647651409415,14.00775,54.035167414095895,True,True,
000598.SZ,兴蓉环境,水务,主板,19960529,SZSE,20260918.0,7.02,10.2126,1.0451,2094774.1074,3.3504,20260826.0,20260630.0,5.1342,5.0386,3.1797,1001857691.4,0.2441,0.3426,58.8815,45.4399,23.7769,4.6684,4.7361,4.84,0.166,58.6983,15645509218.13,11611054207.23,0.9092,13974623.16,20260428.0,20251231.0,10.5853,10.3805,6.7064,1966219789.44,1.2402,0.6727,58.0891,44.1138,22.7033,0.2096,0.4456,0.16,0.4081,151.4227,15618465923.9,10943286621.32,0.913,42270517.68,5,5,5,11.2805,7.5617,154.0104,2.118021131858697,9.165315415955622,10.97085717931301,209.47741074,False,29.075337446183084,10.109923804831004,14.187999999999999,53.373261251014085,True,True,
688668.SH,鼎通科技,通信设备,科创板,20201221,SSE,20260918.0,269.6,121.5552,17.8882,3754735.376,0.1484,20260805.0,20260630.0,8.6721,8.2491,7.0849,174800278.21,1.2596,1.32,40.2551,33.9848,17.9979,31.1725,59.2446,62.73,0.1705,85.3432,886532366.25,-133902070.71,3.6548,71794297.73,20260331.0,20251231.0,12.7157,11.7336,12.4331,221948572.41,1.4021,1.73,23.5112,30.076,15.2037,53.8942,117.9923,139.44,0.1229,75.0479,103552191.17,-75358360.61,2.7598,115676125.6,5,5,5,11.7336,12.4331,75.0479,3.8278235012863386,27.254534937775077,34.720680207786245,375.47353760000004,False,28.07626978882022,25.0,0.1855,53.26176978882022,True,True,
300395.SZ,菲利华,玻璃,创业板,20140910,SZSE,20260918.0,93.38,95.0958,9.3731,4909239.6598,,20260821.0,20260630.0,5.9762,5.5496,4.7914,273734935.1,0.2592,0.5656,20.9555,50.1136,23.5813,44.0592,32.9514,34.57,0.1042,37.2194,301985228.22,-951844709.54,3.24,160633292.91,20260424.0,20251231.0,10.1225,8.8221,7.4563,386248212.82,0.5014,0.8513,21.3735,47.3766,21.147,15.7616,41.0447,46.19,0.1299,57.4403,351035594.63,-460671313.39,3.4388,282276944.62,5,5,5,14.3157,13.5511,69.1722,3.6902423696825126,10.8797029101382,18.482092604852674,490.92396597999993,False,33.384881432113694,19.874341973185295,0.0,53.25922340529899,True,True,
300037.SZ,新宙邦,化工原料,创业板,20100108,SZSE,20260918.0,73.13,34.5163,4.9224,5513172.3402,0.6795,20260821.0,20260630.0,8.8443,8.7129,7.2321,969199396.97,1.4946,1.31,50.1569,23.9142,13.3674,75.6611,103.3338,107.93,0.151,96.935,2971418164.78,943612216.05,1.4555,299271138.64,20260324.0,20251231.0,10.6811,10.6059,8.4526,1089574323.08,1.5545,1.46,43.1564,24.2753,11.4026,22.8422,16.4793,14.65,0.1212,90.3998,2532430161.62,1394039288.76,1.7189,536885624.68,5,5,5,10.9019,8.4526,87.7201,4.442759437781883,17.756442216545885,26.624920383099425,551.31723402,False,23.669711859322835,22.682061509294684,6.512419444444445,52.86419281306196,True,True,
300661.SZ,圣邦股份,半导体,创业板,20170606,SZSE,20260918.0,125.13,111.9236,8.7778,8579340.7446,0.1591,20260829.0,20260630.0,5.5788,4.7208,5.1442,355669160.51,0.5641,0.6775,16.644,51.8394,16.2494,42.7014,109.2796,164.56,0.1471,86.9742,573340606.8,-4056359626.27,6.0716,616943199.1,20260328.0,20251231.0,11.0477,8.6349,9.8928,427582529.58,0.752,0.8861,23.3967,50.9413,13.7087,16.4647,9.3577,-5.23,0.1196,84.7183,417419864.51,-808147337.33,3.7313,1045194886.44,5,5,5,10.666,10.5984,102.8902,3.8635280686181135,10.12856056452014,26.64371050958101,857.93407446,False,31.831203640587066,20.241139380646445,0.198875,52.27121802123351,True,True,
600018.SH,上港集团,港口,主板,20061026,SSE,20260918.0,5.36,8.8847,0.851,12478058.828,3.6381,20260828.0,20260630.0,5.9251,5.4092,4.5792,7777598019.37,0.2984,0.3663,31.5488,36.7342,44.0483,9.5025,5.9686,5.55,0.3242,62.2768,55038219353.09,14051134905.68,2.2223,33356250.9,20260401.0,20251231.0,9.8922,8.8978,7.696,12201008971.89,0.507,0.5837,29.6768,36.1224,37.7509,3.9209,-9.2934,-8.1,0.298,66.8062,48084168125.48,16486703655.86,1.704,207555941.37,5,5,5,10.6749,8.6482,66.9967,2.0182175930756325,10.07965487487683,8.685454865307074,1247.8058828,False,26.223039307782443,10.543921506083414,14.547625,51.31458581386586,True,True,
300570.SZ,太辰光,通信设备,创业板,20161206,SZSE,20260918.0,229.35,172.5335,31.2266,5209155.4515,0.436,20260815.0,20260630.0,10.4462,9.7353,10.0055,164315291.14,-0.3198,0.7763,37.1782,34.8087,18.172,20.8131,1.7061,-2.55,-0.0726,-37.4597,114011520.63,-460277777.75,2.3034,38303916.37,20260331.0,20251231.0,18.3973,17.2942,17.5908,281038776.09,0.6694,1.32,17.1337,38.0022,19.8861,12.2614,14.4329,12.61,0.0983,43.8221,10580102.87,-462456570.31,4.9939,76608911.28,5,5,5,13.7709,13.7342,61.1671,4.193589883381541,36.44244381006618,21.9430086177252,520.9155451500001,False,29.81267345640661,20.93125,0.545,51.28892345640661,True,True,
600183.SH,生益科技,元器件,主板,19981028,SSE,20260918.0,143.93,67.304,18.8959,34960650.2541,0.8338,20260815.0,20260630.0,18.6626,16.5092,15.0832,2907702351.56,1.2281,1.36,50.3285,30.6923,19.5412,50.0455,130.424,110.99,0.1568,70.6867,6342037290.66,4344779684.82,1.5187,915089247.3,20260425.0,20251231.0,21.0821,20.0764,18.6616,3174916620.66,2.171,1.39,42.2937,26.4727,13.6888,39.4481,91.7532,89.54,0.1855,118.9469,3676930770.8,1932954179.01,1.6051,1450078250.35,5,5,5,11.5971,9.8271,118.9469,3.2455894631021955,14.606625128668504,14.122210730797157,3496.06502541,False,30.574996875010243,19.323004333492783,1.04225,50.94025120850303,True,True,
300408.SZ,三环集团,元器件,创业板,20141203,SZSE,20260918.0,130.96,78.9199,11.5477,26149026.7856,0.3427,20260828.0,20260630.0,8.7223,8.1682,8.1309,1809384693.79,0.6769,1.01,20.3583,44.3197,30.0778,54.824,56.1765,69.66,0.202,58.2601,790834357.12,-3034707181.62,3.324,340265460.29,20260328.0,20251231.0,12.6112,10.8318,11.5593,2248942354.95,1.5015,1.37,18.2714,42.1375,29.0545,22.1311,19.5364,16.39,0.3195,95.6504,586437204.27,-2471341363.89,3.7585,653436680.1,5,5,5,10.143,10.3457,95.6504,3.2981036475526357,12.522864331220362,17.66206754535249,2614.90267856,False,30.366575976582126,20.07214360413151,0.428375,50.86709458071364,True,True,
603179.SH,新泉股份,汽车配件,主板,20170317,SSE,20260918.0,40.0,36.4363,3.8674,2940634.8,0.5204,20260804.0,20260630.0,5.5163,5.4723,4.3312,410861476.75,0.287,0.58,60.5093,20.0822,5.1696,7.4453,-1.8971,-1.11,0.0256,43.5766,3297707565.19,1908077466.58,1.2082,386108217.01,20260320.0,20251231.0,12.5221,12.4315,9.7283,809170509.66,1.5059,1.66,59.4717,18.0046,5.1801,17.0429,-16.543,-16.5,0.0495,83.8036,2520143487.64,1278042439.26,1.2331,690186858.91,5,5,5,12.4315,10.1231,83.8036,1.184857139911813,26.785732963312014,33.35871286065557,294.06347999999997,False,25.249599253034546,18.60031,5.8868777777777765,49.73678703081232,True,True,
605111.SH,新洁能,半导体,主板,20200928,SSE,20260918.0,62.85,66.6118,5.8005,2610365.391,0.3031,20260825.0,20260630.0,5.2883,4.3917,5.1217,193801261.32,0.5102,0.56,11.5751,30.0356,20.2725,25.5658,-0.7463,-6.49,0.1815,79.0072,2097201.61,-2059931476.54,8.1006,56383730.21,20260327.0,20251231.0,9.5103,8.4025,9.0116,347778942.09,0.9303,0.95,9.5552,32.86,20.8757,2.6605,-9.4216,-14.12,0.2059,87.4096,971118.91,-1673756410.6,10.4925,117946192.9,5,5,5,10.6642,10.4107,87.4096,3.359609811421558,20.87346551044067,14.281680549841402,261.03653909999997,False,29.807387285228472,16.830931183277574,0.37887499999999996,47.01719346850604,True,True,
002484.SZ,江海股份,元器件,主板,20100929,SZSE,20260918.0,61.48,74.7628,7.9782,5229020.9372,0.4187,20260821.0,20260630.0,5.9786,5.802,5.5728,371992637.49,0.4647,0.4552,26.3511,25.1845,12.193,16.9647,6.9235,8.03,0.1254,88.2872,394660752.6,-988715715.95,2.7623,160396885.63,20260410.0,20251231.0,11.1269,10.7467,10.4585,651542572.37,1.02,0.7999,26.4877,24.1142,12.4137,14.0632,3.0443,6.3,0.1582,110.5279,447170297.24,-1172853674.68,2.6806,271332601.74,5,5,5,10.7749,10.9104,69.0445,0.9431588413411598,17.583404408197634,15.788945153712763,522.9020937199999,False,28.49692633053221,17.588957472108348,0.523375,46.60925880264056,True,True,
002821.SZ,凯莱英,生物制药,主板,20161118,SZSE,20260918.0,185.2,64.5011,3.7652,6679486.168,0.6998,20260825.0,20260630.0,2.9425,2.9671,2.5252,524802568.61,2.2792,1.45,14.8136,42.2691,14.2537,13.1271,-15.7106,-7.3,0.228,139.9224,346607485.43,-5176061258.25,4.5634,251881843.74,20260331.0,20251231.0,6.5693,6.0122,5.4637,1036509205.54,3.9035,3.16,12.9766,41.9911,16.8907,14.9108,19.3498,22.01,0.211,108.4953,309184386.35,-6011766092.59,5.8453,593261182.53,5,5,5,10.0534,11.1781,108.4953,3.8422808809351756,9.987002274479572,16.191390377769288,667.9486168,False,32.3109724886312,12.635316878941179,0.8747499999999999,45.821039367572375,True,True,
600025.SH,华能水电,水力发电,主板,20171215,SSE,20260918.0,9.68,21.8039,2.5791,18034899.2824,2.1178,20260826.0,20260630.0,5.2066,5.1564,2.8778,4334037394.16,0.4878,0.23,60.1578,57.1892,37.0962,1.4544,-5.0491,-6.3,0.6912,163.7529,116995714098.72,111221086632.71,0.2553,7572507.07,20260429.0,20251231.0,10.9335,10.9586,5.5237,8523634319.24,1.0224,0.45,61.1345,56.9803,34.6576,6.8875,2.4962,2.65,0.7162,175.9473,125601361561.66,121658737676.76,0.1838,130134014.22,5,5,5,10.5421,5.9928,181.0214,0.8827486975351483,12.254644337494348,4.369895208322827,1803.4899282400002,False,26.950839215686276,6.422824271327322,11.135272222222222,44.50893570923582,True,True,
600176.SH,中国巨石,玻璃,主板,19990422,SSE,20260918.0,45.02,39.7689,5.4357,18022121.4234,0.796,20260821.0,20260630.0,9.131,9.0519,6.502,2907908165.17,0.6055,0.7391,39.8734,42.1383,27.1428,22.5026,73.8719,70.93,0.2172,67.0736,14292755156.0,11224280661.51,1.0228,347727476.73,20260320.0,20251231.0,10.7481,11.3898,7.8029,3481596089.85,1.0493,0.8213,40.4136,33.1183,18.0887,19.0788,34.3849,94.7,0.2225,95.9902,14321368499.71,10848793671.8,1.0486,582434136.52,5,5,5,11.3898,7.8359,67.6206,7.843294669142554,12.386122900096264,10.10787250640599,1802.21214234,False,21.121109085754156,17.0067083305932,5.4908,43.618617416347355,True,True,
