name,industry,market,list_date,exchange,trade_date,close,pe_ttm,pb,total_mv,dv_ttm,h1_ann_date,h1_end_date,h1_roe,h1_roe_dt,h1_roic,h1_profit_dedt,h1_ocfps,h1_eps,h1_debt_to_assets,h1_grossprofit_margin,h1_netprofit_margin,h1_or_yoy,h1_netprofit_yoy,h1_dt_netprofit_yoy,h1_ocf_to_or,h1_ocf_to_profit,h1_interestdebt,h1_netdebt,h1_current_ratio,h1_rd_exp,fy_ann_date,fy_end_date,fy_roe,fy_roe_dt,fy_roic,fy_profit_dedt,fy_ocfps,fy_eps,fy_debt_to_assets,fy_grossprofit_margin,fy_netprofit_margin,fy_or_yoy,fy_netprofit_yoy,fy_dt_netprofit_yoy,fy_ocf_to_or,fy_ocf_to_profit,fy_interestdebt,fy_netdebt,fy_current_ratio,fy_rd_exp,years,profit_positive_years,cash_positive_years,roe_median,roic_median,cash_conversion_median,gross_margin_std,profit_cagr5,revenue_cagr5,market_cap_yi,financial,quality_score,growth_score,valuation_score,score,eligible_basic,eligible,gate_failures,rank,ts_code,thesis,risk,durability_judgment,source_url,inclusion_route
宁德时代,电气设备,创业板,20180611,SZSE,20260918.0,301.95,16.4375,3.6831,139719345.7275,2.7511,20260725.0,20260630.0,12.0827,10.8906,8.3676,39013300000.0,13.0152,9.51,63.6525,23.9284,16.9837,54.8004,41.9839,43.44,0.2175,108.1777,149029045000.0,-223024230000.0,1.5595,11376545000.0,20260310.0,20251231.0,24.7249,22.0903,15.5561,64507864000.0,29.1906,16.14,61.9393,26.2728,18.1227,17.0406,42.2834,43.37,0.3144,148.8182,119656489000.0,-213856438000.0,1.5977,22146581000.0,5,5,5,22.0903,13.7848,166.2291,2.540485972210829,72.16503279831095,53.13159433263122,13971.93457275,False,44.61721979678,25.0,13.119430555555557,82.73665035233556,True,True,,1,300750.SZ,动力与储能电池的规模制造、研发和客户认证；增长来自储能、海外及电动化场景扩展。,技术路线切换、行业降价、海外贸易壁垒；销量增长不一定带来单位盈利增长。,较强，但技术路线需要持续复核,https://static.cninfo.com.cn/finalpage/2026-07-24/1225442062.PDF,量化初筛通过
国电南瑞,电气设备,主板,20031016,SSE,20260918.0,22.05,21.0847,3.4009,17710022.421,2.8051,20260827.0,20260630.0,5.8684,5.5869,5.6568,2925285478.78,0.0736,0.38,40.4219,25.3393,11.6985,14.536,4.0816,4.31,0.0213,15.8967,584179133.94,-3879496598.58,2.1002,1741207070.3,20260430.0,20251231.0,16.2539,15.6727,15.5745,7982955643.59,1.5898,1.04,42.7306,25.8371,13.3749,14.5252,8.7873,8.04,0.1928,130.1696,587370367.85,-6735888970.67,1.9816,3813232163.79,5,5,5,15.504,14.7432,121.748,0.4714225461303271,11.479059713977314,11.263624380501104,1771.0022421,False,41.82886704014939,12.87469886067318,12.154219444444443,66.85778534526702,True,True,,2,600406.SH,电网调度、保护与自动化的可靠性和系统集成经验；电网升级带来长期需求。,上半年经营现金流同比下降78.95%，需要跟踪应收、订单和全年回款，现阶段不能据排名直接加仓。,较强，当前回款需要观察,https://static.cninfo.com.cn/finalpage/2026-08-27/1225508099.PDF,量化初筛通过
美的集团,家用电器,主板,20130918,SZSE,20260918.0,84.4,14.5089,3.0403,64387055.8965,4.9855,20260829.0,20260630.0,12.1289,8.9869,7.964,19595179000.0,4.9323,3.52,64.89,25.2558,10.2225,3.5515,1.662,-25.31,0.1444,118.5188,77037485000.0,-13605298000.0,1.1452,8467401000.0,20260331.0,20251231.0,19.9765,18.7591,12.6817,41267233000.0,7.0218,5.8,61.165,26.391,9.7535,12.1091,14.0336,15.46,0.1169,100.693,68321546000.0,-16925604000.0,1.2134,17787624000.0,5,5,5,21.3649,12.8114,105.44,1.7949046944058062,10.88743213526502,9.937955974600763,6438.70558965,False,39.66910700280113,8.169460673125112,15.0,62.83856767592624,False,False,最新扣非利润下降超过10%或缺失,3,000333.SZ,家电品牌、供应链和多区域销售基础；海外自主品牌、楼宇科技及工业业务提供增量。,国内需求放缓、汇率与套保口径错配、工业业务资本回报；当前营收增长温和。,较强，增长处于放缓期,https://static.cninfo.com.cn/finalpage/2026-08-29/1225531403.PDF,财报口径人工复核纳入；未通过原始最新扣非增速门槛
汇川技术,电器仪表,创业板,20100928,SZSE,20260918.0,52.45,29.0552,3.8635,14211337.99,0.9519,20260829.0,20260630.0,7.7906,7.6412,6.6652,2756053764.48,0.7294,1.04,48.0352,29.7417,11.3502,20.3122,-5.3508,3.15,0.08,64.7752,3127768933.32,-2558886526.4,1.4448,2226391212.12,20260428.0,20251231.0,15.9438,15.6297,13.8689,4950505396.54,2.4681,1.87,47.928,28.9546,11.4682,21.7702,17.8395,22.66,0.1481,122.912,3916345607.79,-3116282931.72,1.4387,4255773574.67,5,5,5,18.381,17.502,71.6128,3.3675228799519688,20.943569417096384,31.407342092281333,1421.133799,False,37.34405524951648,20.345692213470844,8.066497222222223,65.75624468520955,True,True,,4,300124.SZ,工控产品与应用服务积累；伺服、变频、控制系统、电驱及海外拓展。,制造业资本开支周期、下游价格竞争、毛利率和营运资金；不能将机器人预期等同已实现利润。,较强，受工业周期影响,https://disc.static.szse.cn/disc/disk03/finalpage/2026-08-29/6064bed7-16f2-45ad-92fa-59658eedaec0.PDF,量化初筛通过
福耀玻璃,汽车配件,主板,19930610,SSE,20260918.0,53.68,16.5243,3.6698,14009103.108,3.9121,20260819.0,20260630.0,10.4853,10.2446,6.4343,3879167099.0,1.7438,1.52,48.3823,38.8449,18.0783,2.4418,-17.3665,-17.58,0.2071,96.3449,22207564568.0,49258639.0,1.7228,1033054306.0,20260318.0,20251231.0,25.4258,25.0227,16.776,9164684348.0,4.6193,3.57,46.4018,37.27,20.3479,16.651,24.1976,23.08,0.2633,107.7753,17392600062.0,-1881139644.0,1.539,1913082175.0,5,5,5,18.294,12.1803,107.7753,1.1866498860236765,31.80363014339953,18.12720309506819,1400.9103108,False,39.63754220354809,15.739241238027276,14.551391666666667,69.92817510824203,False,False,最新扣非利润下降超过10%或缺失,5,600660.SH,汽车玻璃工艺、客户认证及全球供货网络；高附加值玻璃提升单车产品价值。,汽车销量、能源人工成本和海外运营；汇兑对股东实际收益仍有影响，不能完全忽略。,较强，增长较温和,https://static.cninfo.com.cn/finalpage/2026-08-19/1225479532.PDF,财报口径人工复核纳入；未通过原始最新扣非增速门槛
宏发股份,电气设备,主板,19960205,SSE,20260918.0,34.08,27.0566,3.9919,5274201.3744,1.0182,20260730.0,20260630.0,8.946,8.5321,8.7147,1102467072.47,0.0738,0.7469,34.3297,32.6768,13.7491,32.047,19.8924,18.97,0.0104,6.6473,1135042019.01,-1559857431.0,2.199,479431467.13,20260402.0,20251231.0,15.8803,14.8419,14.4143,1642604139.69,1.9182,1.2,31.4741,34.3197,13.597,21.9818,7.7566,8.44,0.1726,110.1748,900769031.6,-2723469013.37,2.4133,913617653.27,5,5,5,16.7965,15.2581,91.4147,1.2561103526362638,18.814525993587104,17.25653811627499,527.42013744,False,40.71321559290383,20.54451356445787,8.593505555555556,69.85123471291725,True,True,,6,600885.SH,继电器的质量控制和规模制造；新能源、汽车、电力与工控需求有多个来源。,原材料成本、客户降价、固态器件替代；最新半年度现金利润比偏低，需要观察回款。,较强，需验证回款,https://static.cninfo.com.cn/finalpage/2026-07-30/1225446608.PDF,量化初筛通过
思源电气,电气设备,主板,20040805,SZSE,20260918.0,138.0,32.5173,6.5636,10799511.2916,0.5072,20260815.0,20260630.0,9.1634,8.7534,9.0186,1398219558.77,0.2903,1.87,49.2392,30.458,14.3047,27.0491,13.2295,13.12,0.021,12.5918,861848101.9,-2814956272.68,1.6866,668865159.87,20260418.0,20251231.0,22.6037,21.1788,22.0824,2951560243.9,2.8569,4.04,47.0483,30.7748,15.1338,39.3384,53.7353,57.13,0.1037,59.9093,496581870.58,-4433254824.41,1.7464,1300401224.78,5,5,5,14.9343,16.3896,78.6047,1.9734074624871576,28.373711934469025,23.91447576550043,1079.95112916,False,34.13350317460318,22.89,6.741266666666666,63.764769841269846,True,True,,7,002028.SZ,输配电设备和客户验证积累；国内电网、海外工程、储能业务提供增长。,订单转收入和现金的时间差、海外EPC交付与回款；不能只看新订单。,较强，项目执行风险需跟踪,https://static.cninfo.com.cn/finalpage/2026-08-15/1225473691.PDF,量化初筛通过
新产业,医疗保健,创业板,20200512,SZSE,20260918.0,48.94,22.397,4.2873,3845307.7338,2.4461,20260814.0,20260630.0,9.5806,9.1038,9.383,824530049.65,1.1469,1.1057,8.1402,70.884,35.852,10.7754,12.5327,13.6,0.3723,90.9046,3302610.53,-1450787722.8,9.1273,234424019.04,20260428.0,20251231.0,18.2858,17.6466,17.9273,1563616709.44,1.9376,2.0621,8.0065,69.2524,35.4017,0.9118,-11.3869,-9.12,0.3326,80.8624,3678791.01,-993758382.51,8.9825,477769272.56,5,5,5,20.657,22.0268,67.9796,1.460738346522059,12.787904278384032,15.831322320128582,384.53077338,False,46.03053109243697,15.529738297134324,11.413847222222222,72.97411661179352,True,True,,8,300832.SZ,体外诊断仪器与配套试剂；设备装机形成后续试剂需求，国产替代和海外扩张。,试剂集采降价、单机试剂产出不足、竞争和医疗采购周期。,较强，需观察政策和试剂产出,https://static.cninfo.com.cn/finalpage/2026-08-14/1225471103.PDF,量化初筛通过
东鹏饮料,软饮料,主板,20210527,SSE,20260918.0,111.54,16.6879,4.2049,8189259.1037,1.7241,20260731.0,20260630.0,19.842,17.9787,13.1342,2597599384.58,3.395,3.9949,45.472,48.3649,23.0425,15.8933,20.7201,14.41,0.2003,68.6874,6059043393.62,-8415659575.98,1.5761,46043289.72,20260331.0,20251231.0,51.6141,48.9125,28.1759,4184165425.82,11.8732,8.4907,64.7323,44.905,21.1447,31.7979,32.7217,28.26,0.2958,110.2122,7055606161.06,1375567169.39,0.9154,66338402.68,5,5,5,35.2535,26.6463,126.7698,1.1429451399782933,39.05036117623624,33.30803547247649,818.92591037,False,56.100320634920635,22.22991,11.780036111111112,90.11026674603175,True,True,,9,605499.SH,能量饮料品牌与终端渠道；全国化和新品类扩张推动重复消费。,单品集中、渠道库存和促销费用上升、食品安全；历史高增速已放缓。,中上，品牌仍需更长周期验证,https://static.cninfo.com.cn/finalpage/2026-07-31/1225449594.PDF,量化初筛通过
立讯精密,元器件,主板,20100915,SZSE,20260918.0,54.1,23.5276,4.4987,41874913.6747,0.5496,20260825.0,20260630.0,8.7859,6.6789,3.7465,5961877867.17,-0.3342,1.0774,67.4395,11.7785,4.8857,40.1606,18.037,6.47,-0.014,-25.7688,145351791968.26,73539394524.78,1.1313,6632308400.41,20260415.0,20251231.0,21.5235,18.3715,10.5583,14168855968.15,2.378,2.29,66.0661,11.9119,5.4673,23.6425,24.1972,21.16,0.0521,90.4429,102573880903.17,41414704322.82,1.1107,11518992416.01,5,5,5,18.9795,12.5006,114.103,0.7568957900530295,18.402033810620154,29.148134259908694,4187.49136747,False,37.32656993464053,19.94740081939845,8.791977777777777,66.06594853181674,True,True,,10,002475.SZ,精密制造和复杂供应链管理；消费电子、通信与汽车业务扩展。,大客户集中、并购整合和营运资金；并购带来的收入增量不能都算内生增长。,中上，依赖客户与整合能力,https://static.cninfo.com.cn/finalpage/2026-08-25/1225500221.PDF,量化初筛通过
法拉电子,元器件,主板,20021210,SSE,20260918.0,124.46,23.2414,4.5951,2800350.0,1.848,20260822.0,20260630.0,9.6027,9.446,9.5378,572637812.03,3.6646,2.59,29.017,33.097,21.0637,10.5786,2.2331,3.06,0.2983,122.9149,20066755.59,-343626428.53,2.2174,100862548.46,20260328.0,20251231.0,21.0659,19.9376,20.847,1128326066.75,5.6562,5.3,30.9092,32.1196,22.3922,11.6352,14.7214,10.21,0.2389,92.9636,13785765.49,-257711230.56,2.2409,186767814.24,5,5,5,22.7588,22.8222,92.9636,4.109930351356335,18.306277951660157,23.020350579168223,280.035,False,50.753673362335064,17.60622894453125,10.478577777777778,78.83848008464409,True,True,,11,600563.SH,薄膜电容的工艺与可靠性认证；电力电子、汽车和工业领域需求。,新能源下游价格压力、原料和技术替代；最新利润增长慢于收入。,较强，需观察利润率,https://static.cninfo.com.cn/finalpage/2026-08-22/1225489178.PDF,量化初筛通过
三花智控,家用电器,主板,20050607,SZSE,20260918.0,35.31,37.174,4.5716,14858497.0809,1.1303,20260827.0,20260630.0,6.3628,6.6842,5.5445,2147318645.13,0.594,0.49,36.2173,28.062,12.315,3.9181,-3.1222,6.82,0.1479,102.2202,3953434246.79,-10862094438.85,2.1387,763296231.82,20260324.0,20251231.0,15.9183,15.5086,13.3501,3958316943.01,1.2098,1.03,35.1493,28.777,13.2424,10.9656,31.0963,26.95,0.1642,104.7634,4051968219.69,-10860016881.51,2.1947,1374071324.05,5,5,5,16.7666,13.6678,104.7634,1.286969505077724,25.51616938178991,20.69175842875173,1485.84970809,False,41.105329598506074,18.88612,6.485319444444444,66.47676904295052,True,True,,12,002050.SZ,制冷控制与热管理零部件技术；汽车电动化和节能需求支持主业。,车企降价和估值；机器人业务未兑现的利润不计入长期基础假设。,中上，估值及新业务兑现重要,https://money.finance.sina.com.cn/corp/view/vCB_AllBulletinDetail.php?id=12550185&stockid=002050,量化初筛通过
华测检测,电器仪表,创业板,20091030,SZSE,20260918.0,14.53,21.9725,3.0208,2445149.3746,1.3734,20260817.0,20260630.0,7.15,6.7057,6.7265,528658889.09,0.26,0.3363,22.0049,49.3832,16.5679,15.8598,20.6307,20.32,0.1276,67.823,453634550.67,-498477541.95,2.4325,284653678.89,20260331.0,20251231.0,13.9365,13.0311,12.9678,950385943.03,0.8149,0.6075,23.8789,48.6179,15.4042,8.8218,10.3515,10.45,0.2071,122.8173,396984107.83,-878498150.4,2.2152,580677902.98,5,5,5,13.4207,14.3871,111.4052,1.0489457168986385,14.672126978144018,13.16268502652058,244.51493746000003,False,39.97896078431373,16.922114643614318,10.167305555555554,67.0683809834836,True,True,,13,300012.SZ,跨行业检测能力、资质和客户信任；质量合规检测需求分散于多行业。,公信力事件、资质丧失、实验室利用率及并购商誉；不是无风险的刚需生意。,较强，公信力为核心条件,https://money.finance.sina.com.cn/corp/view/vCB_AllBulletinDetail.php?id=12497345&stockid=300012,量化初筛通过
亿联网络,通信设备,创业板,20170317,SZSE,20260918.0,41.46,18.2079,5.7041,5252643.6864,4.3413,20260819.0,20260630.0,16.4461,15.59,16.3552,1444899264.04,0.6541,1.2032,9.7295,64.8811,45.5096,26.3958,22.9192,25.04,0.2474,49.2783,6800703.73,-1006126969.24,8.6326,230975968.27,20260422.0,20251231.0,28.4602,26.5424,28.3032,2425361907.9,1.4465,2.0551,12.7878,63.3196,43.1051,7.3264,-1.7844,-0.39,0.3037,64.5581,8807355.11,-878325034.56,6.5781,529947069.39,5,5,5,26.5424,28.3032,82.7457,1.7548385204912726,16.816271964354623,16.978879858735873,525.26436864,False,53.249385714285715,20.552758972087823,14.287133333333331,88.08927801970687,True,True,,14,300628.SZ,企业通信终端、渠道与产品兼容能力；会议和协作设备扩展。,海外集中、通信硬件被软件替代、渠道库存；最新现金回收需要持续核查。,中上，技术替代风险高于传统制造,https://static.cninfo.com.cn/finalpage/2026-08-19/1225480495.PDF,量化初筛通过
安克创新,元器件,创业板,20200824,SZSE,20260918.0,126.99,24.3006,6.4599,7485198.2379,1.331,20260831.0,20260630.0,15.3896,13.0092,12.1301,1438775165.82,1.3473,3.1743,47.5785,49.8227,10.5078,29.0535,45.8576,49.65,0.0435,34.5776,3067255475.71,-736445099.2,2.2372,1869485124.21,20260410.0,20251231.0,26.1231,22.3678,21.4641,2179258144.99,0.8968,4.7715,46.6202,45.0654,8.5769,23.4897,20.3697,15.44,0.0158,16.4317,2937782779.89,-718726535.39,2.3767,2892785453.8,5,5,5,18.1041,19.71,79.1911,3.952736343091959,24.54581048993294,26.681804244008944,748.51982379,False,39.30863530377481,24.85465935677854,9.59695,73.76024466055335,True,True,,15,300866.SZ,消费电子品牌、产品开发及海外渠道；充电、智能硬件和储能品类扩展。,产品质量与召回、平台依赖、关税、库存和营销投入；高增长需要现金兑现。,中上，产品和渠道风险需复核,https://static.cninfo.com.cn/finalpage/2026-08-31/1225533054.PDF,量化初筛通过
金山办公,软件服务,科创板,20191118,SSE,20260918.0,223.61,28.7669,6.882,10375803.6374,0.559,20260820.0,20260630.0,18.0278,17.8114,17.9417,2487375431.21,1.3851,5.44,27.7923,84.8953,75.9854,24.6937,236.9351,241.99,0.194,23.4165,64391524.63,-1323384725.97,3.2268,1151832387.74,20260326.0,20251231.0,15.1718,14.8913,14.8793,1802520201.2,5.4007,3.97,29.2047,85.9476,30.7294,15.7768,11.634,15.82,0.4219,128.4983,36747302.71,-657304481.59,2.8431,2095238620.57,5,5,5,13.5199,14.2261,133.9609,0.7881737708145342,24.11425564895322,21.264509862074288,1037.58036374,False,42.644733333333335,24.71656180766503,7.639438888888889,75.00073402988725,True,True,,16,688111.SH,办公软件用户基础、文档工作流及订阅关系；企业协作和付费转化提供增长。,AI改变办公入口、竞争及投资收益干扰；不能用含大额投资收益的PE直接判便宜。,中上，十年产品形态存在变数,https://static.cninfo.com.cn/finalpage/2026-08-20/1225482701.PDF,量化初筛通过
柏楚电子,专用机械,科创板,20190808,SSE,20260918.0,95.37,30.707,6.1008,3867799.9701,1.9412,20260818.0,20260630.0,12.686,11.5006,11.5652,713599470.08,1.25,1.94,5.3175,73.9286,62.0259,15.8383,22.9698,20.2,0.3966,57.3455,15636461.88,-1965650315.67,17.0062,132498999.24,20260410.0,20251231.0,19.2859,17.7985,18.8602,1026744190.15,3.8248,3.86,7.4454,77.6585,51.4943,26.5162,26.0377,25.07,0.503,88.6916,23058771.43,-2110146481.18,12.0311,341329531.46,5,5,5,15.7279,17.2162,91.9134,1.1365244841181357,27.551968640088777,30.921404479451464,386.77999701,False,41.794837535014,22.94266,8.936055555555555,73.67355309056956,True,True,,17,688188.SH,激光加工控制的软件、算法与工艺经验；高功率、三维加工和智能焊接拓展。,应用市场相对集中、工业周期、技术替代与高毛利率回落。,中上，业务集中度需要控制,https://static.cninfo.com.cn/finalpage/2026-08-18/1225477071.PDF,量化初筛通过
纽威股份,机械基件,主板,20140117,SSE,20260918.0,44.92,20.5137,7.5512,3482570.7868,3.5846,20260822.0,20260630.0,15.8563,15.5783,11.029,720520701.47,0.6965,0.95,56.1827,38.1218,18.7209,14.4708,15.2024,17.11,0.1386,62.9252,2182451428.07,1144269981.75,1.5048,108886608.51,20260418.0,20251231.0,35.7294,35.2016,26.5827,1577255072.19,2.8276,2.1,55.5993,39.2793,20.8644,24.5279,38.5371,38.32,0.2823,113.5169,1678828282.18,-688329457.06,1.5297,198904583.88,5,5,5,21.2861,15.8435,102.984,4.994925472116675,26.07201507771095,16.41908654778701,348.25707868,False,41.31007111307367,20.850544619114807,13.255483333333334,75.4160990655218,True,True,,18,603699.SH,工业阀门工艺、客户认证和工程应用经验；高端产品和海外市场拓展。,油气化工等行业资本开支周期、海外项目和质量责任；需求不是每年增长。,中上，工程周期影响较大,https://money.finance.sina.com.cn/corp/view/vCB_AllBulletinDetail.php?id=12515699&stockid=603699,量化初筛通过
招商银行,银行,主板,20020409,SSE,20260918.0,40.59,6.7482,0.894,102367353.2904,4.9667,20260829.0,20260630.0,5.8402,5.8321,,76339000000.0,12.08,2.98,90.183,,43.169,4.8315,2.0219,2.03,1.7096,335.5375,,,,,20260328.0,20251231.0,12.0198,12.0059,,150007000000.0,17.9,5.7,90.2001,,44.7738,0.013,1.2063,1.35,1.3375,251.856,,,,,5,5,5,14.4467,,249.707,,9.07085405441821,3.0478950885588496,10236.73532904,True,,,,,True,False,；金融业需独立资本和资产质量复核，不使用非金融综合分,19,600036.SH,零售客户、低成本存款及财富管理基础；生存韧性优先，增长定位为温和。,净息差下行、零售及房地产信用风险；需独立检查资本和资产质量，不能套用工业现金流指标。,较强，低增长防御候选,https://static.cninfo.com.cn/finalpage/2026-08-29/1225530235.PDF,金融业独立复核纳入；不使用非金融综合分
紫金矿业,铜,主板,20080425,SSE,20260918.0,31.41,12.3451,4.1354,83521434.5586,3.2374,20260822.0,20260630.0,20.0148,19.4348,11.7433,38034770076.0,2.0861,1.473,49.5547,37.7472,25.653,15.7817,68.1703,75.89,0.2857,86.9629,165632172587.0,74314311032.0,1.3309,808078064.0,20260321.0,20251231.0,31.8309,31.183,17.5458,50723514740.0,2.8368,1.95,51.5586,27.7273,18.283,14.9648,61.5487,60.05,0.2161,91.8638,164498128198.0,98921390498.0,1.1446,1714881582.0,5,5,5,24.4173,12.8721,100.069,5.281421370994743,51.66013239300005,15.273979867370024,8352.14345586,False,43.890302866284216,22.265931946948008,14.04675,80.20298481323223,True,True,,20,601899.SH,多矿种资源和矿山运营能力；资源储量与产量扩张带来增长来源。,金铜价格、海外政治和安全事故、并购负债；当前高利润不能按十年固定增速外推。,中上，强周期候选,https://static.cninfo.com.cn/finalpage/2026-08-22/1225493321.PDF,量化初筛通过
